chr,snp,bp,Qv,Pv
1,rs11249433,121280613,0.003448276,3.32204E-15
2,rs72885919,172418755,0.003448276,3.60231E-07
2,rs13387042,217905832,0.003448276,1.09076E-25
2,rs13002378,217936746,0.003448276,3.42345E-12
2,rs2372965,217967717,0.003448276,1.53823E-09
2,rs67184727,217976869,0.0075,3.84318E-11
3,rs1522151,27165174,0.003448276,1.43798E-14
3,rs11712293,27180835,0.003448276,1.36438E-07
3,rs11129280,27326097,0.005882353,2.11185E-08
3,rs3920005,27368884,0.003448276,1.57159E-19
3,rs4973768,27416013,0.0075,3.35798E-17
3,rs1124873,27445430,0.003448276,6.98808E-13
3,rs79251239,27463229,0.003448276,3.0391E-07
3,rs793498,99505203,0.017391304,8.68744E-07
3,rs813218,99592596,0.0075,3.7545E-06
3,rs115196834,135469193,0.0075,4.23469E-06
4,rs6826366,175846110,0.003448276,1.27006E-09
5,rs714130,44701418,0.003448276,1.56494E-14
5,Affx-26614651,44809162,0.0075,1.28415E-09
5,rs7716600,44875005,0.003448276,1.63414E-12
5,rs72759918,44992980,0.025531915,2.47581E-08
5,rs10051592,45090306,0.005882353,2.67157E-07
5,rs981782,45285718,0.013793103,1.34081E-06
5,rs72759957,45286288,0.003448276,4.43349E-10
5,rs72765759,45846620,0.005882353,1.30981E-07
5,rs145901335,46006046,0.003448276,9.46703E-08
5,rs10060816,55980650,0.013793103,7.40811E-06
5,rs16886113,55995035,0.003448276,2.29815E-13
5,rs16886165,56023083,0.003448276,2.09175E-28
5,rs889312,56031884,0.003448276,1.14824E-18
5,rs76485124,56060400,0.003448276,1.32579E-12
5,rs17661089,56105996,0.003448276,5.26164E-07
5,rs78686102,56152795,0.003448276,3.08113E-12
5,rs7726354,56256483,0.003448276,1.0286E-11
5,rs2662024,56257515,0.005882353,3.27597E-12
5,rs17622656,131820997,0.017391304,8.808E-06
6,rs9361826,82206416,0.005882353,4.09755E-08
6,rs6929137,151936677,0.003448276,8.39679E-17
6,rs3734804,151939181,0.003448276,1.43562E-07
6,rs12204714,152235339,0.017391304,1.04578E-05
6,rs2813549,152441239,0.0075,1.5123E-06
8,rs16885494,36697279,0.0075,4.61261E-09
8,rs4739456,36792421,0.0075,3.19559E-06
8,rs17464492,128342866,0.013793103,6.33584E-09
8,rs13281615,128355618,0.003448276,1.90358E-17
8,rs7815100,128376801,0.003448276,3.48428E-14
9,rs10759243,110306115,0.003448276,6.11756E-08
9,rs10816625,110837073,0.003448276,1.15137E-09
9,rs117378692,111588972,0.017391304,1.35365E-05
10,rs12245332,64260847,0.0075,1.36827E-06
10,rs10995190,64278682,0.0075,9.66329E-07
10,rs35098964,123095012,0.003448276,1.55762E-08
10,rs3135819,123241122,0.003448276,1.41332E-09
10,rs78985527,123271539,0.005882353,1.35455E-06
10,rs3750817,123332577,0.003448276,3.42153E-44
10,rs1219648,123346190,0.003448276,9.1798E-101
10,rs73356565,123365724,0.003448276,2.87625E-15
10,rs1631281,123390785,0.003448276,4.27569E-14
10,rs12242201,123422858,0.003448276,2.68351E-09
10,rs61874140,123435982,0.003448276,8.49974E-08
10,rs113940757,123442482,0.015909091,9.44266E-06
10,rs7924234,123446062,0.003448276,2.93264E-10
10,rs1696820,123462700,0.005882353,2.69108E-07
11,rs3206824,11986061,0.0075,4.07398E-06
11,rs57506806,69283424,0.003448276,3.71449E-16
11,rs4980661,69306579,0.003448276,4.98168E-08
11,rs592081,69314267,0.003448276,1.62029E-08
11,rs75296154,69343815,0.003448276,2.13217E-26
11,rs74412847,69421189,0.003448276,3.46093E-08
11,rs34507830,69461686,0.003448276,7.13796E-12
11,rs11822830,129461016,0.003448276,4.81308E-08
12,rs11610011,28355734,0.025531915,1.65705E-05
12,rs17096727,46573050,0.009876543,4.99175E-06
12,rs17356907,96027759,0.003448276,4.15675E-14
12,rs61938100,96035572,0.012195122,7.25457E-06
14,rs71423318,69005887,0.013793103,4.58211E-09
14,rs79071597,69044554,0.005882353,2.16173E-06
16,rs7186907,52527403,0.003448276,9.7469E-15
16,rs4784220,52535810,0.003448276,1.82959E-30
16,rs9931232,52572832,0.003448276,2.83381E-22
16,rs3803662,52586341,0.003448276,2.71928E-60
16,rs4594251,52597844,0.003448276,2.37477E-10
16,rs9708611,52612665,0.003448276,1.32767E-16
16,rs3104767,52624738,0.003448276,1.78807E-13
17,rs62070652,29221277,0.003448276,4.85229E-09
17,rs3760318,29247715,0.013793103,6.05247E-06
18,rs232320,24500616,0.005882353,5.88677E-07
22,rs12628403,39358037,0.003448276,6.85817E-08
22,rs73167034,40826534,0.003448276,1.08352E-11
22,rs73169003,40900856,0.003448276,1.56819E-12
22,rs17002030,40989374,0.003448276,2.79872E-13
22,rs55916800,41049315,0.005882353,2.04214E-06
22,rs133054,41050608,0.0075,3.27925E-06
22,rs73171018,41061691,0.003448276,7.46844E-08
