chr,snp,bp
1,rs118046298,121194819
1,rs61803643,121196877
1,rs6600671,121200490
1,rs4147001,121236110
1,rs114500301,121258273
1,rs17842561,121267173
1,rs115706173,121280485
1,rs11249433,121280613
2,rs72884342,172381244
2,rs17288042,172383988
2,rs62181675,172394062
2,rs12692966,172395221
2,rs72885917,172416376
2,rs72885919,172418755
2,rs2542943,172424963
2,rs2249572,172425464
2,rs13036013,172973372
2,rs17726078,172974566
2,rs17726121,172974749
2,rs62184964,172980260
2,rs72947775,217863961
2,rs6435957,217878209
2,rs115256883,217878812
2,rs10188365,217880212
2,rs78489857,217888079
2,rs6716542,217890643
2,rs10173250,217891253
2,rs4491709,217894756
2,rs13387042,217905832
2,rs78724492,217908461
2,rs10206577,217910274
2,rs17778091,217910588
2,rs13002378,217936746
2,rs4672820,217938346
2,rs77915391,217938404
2,rs11690464,217938434
2,rs13405034,217963735
2,rs2372965,217967717
2,rs79867741,217969034
2,rs6723845,217976591
3,rs147076575,27031282
3,rs79555060,27040533
3,rs74542414,27043106
3,rs28433192,27055824
3,rs73143555,27060629
3,rs2037465,27065505
3,rs78901648,27069883
3,rs939834,27076710
3,rs1522151,27165174
3,rs73053866,27165396
3,rs1522154,27170867
3,rs11712293,27180835
3,rs17680194,27243119
3,rs9863368,27253521
3,rs62256307,27258563
3,rs73149363,27265394
3,rs12486588,27313122
3,rs62255588,27319266
3,rs11129280,27326097
3,rs10510594,27326451
3,rs10510592,27332820
3,rs75746712,27333462
3,rs75891446,27343261
3,rs683503,27348094
3,rs3920005,27368884
3,rs115262557,27385448
3,rs113156482,27385515
3,rs55958314,27387641
3,rs13085767,27404374
3,rs4973768,27416013
3,rs150493940,27418257
3,rs2307033,27433163
3,rs17630832,27434574
3,rs114662202,27436597
3,rs7612092,27441755
3,rs1124873,27445430
3,rs6768214,27456543
3,rs79251239,27463229
3,rs3755652,27472936
3,rs111436441,27484949
3,rs79693587,141073725
3,rs13095453,141074962
3,rs9857275,141078188
3,Affx-21288575,141081497
3,rs116415647,141085727
3,rs6440003,141094209
3,rs116669409,141095427
3,rs80060248,141101781
3,rs6763931,141102833
3,rs75833696,141103299
3,rs724016,141105570
3,rs10513136,141107612
3,rs114097136,141114013
3,rs6807935,141114293
3,rs115219969,141121855
3,rs1344672,141125705
3,rs79267253,141224190
3,rs145408647,141226409
3,rs73238079,141233904
3,rs9865971,141237859
5,rs2736108,1297488
5,rs13190087,1298733
5,rs13174919,1299862
5,rs2853667,1300070
5,rs56323939,44493802
5,rs5867669,44496660
5,rs75638122,44512378
5,rs116620271,44512761
5,rs7446551,44604890
5,rs75139801,44631348
5,rs72752202,44639852
5,rs4415084,44662515
5,rs74613532,44674816
5,rs148474409,44690214
5,rs79627303,44694361
5,rs714130,44701418
5,rs7728083,44748538
5,rs17268996,44751744
5,rs79885570,44782387
5,rs78797445,44795797
5,rs72756203,44803546
5,rs114744525,44804976
5,rs112094553,44806448
5,rs111765202,44809015
5,rs112901974,44809098
5,Affx-26614651,44809162
5,rs35601455,44809369
5,rs72756207,44811207
5,rs75062473,44846783
5,rs4440370,44853352
5,rs17343002,44853593
5,rs116430301,44855090
5,rs116110902,44857181
5,rs7716600,44875005
5,rs10462084,44901349
5,rs10077814,44916789
5,rs115462522,44991858
5,rs72759918,44992980
5,rs72759919,44993093
5,rs116167547,45000260
5,rs77212690,45078333
5,rs116144464,45088820
5,rs10051592,45090306
5,rs10805692,45099458
5,rs77732644,45266078
5,rs56154381,45267183
5,rs114510199,45272603
5,rs981782,45285718
5,rs72759957,45286288
5,rs13170143,45320111
5,rs78744516,45330427
5,rs114149695,45335416
5,rs12659024,45417690
5,rs76855774,45419343
5,rs76905871,45421964
5,rs72762052,45427937
5,rs1384732,45553387
5,rs76956025,45572545
5,rs12522771,45576786
5,rs78694495,45617179
5,rs16902191,45630390
5,rs71616302,45633307
5,rs115921200,45642624
5,rs1405918,45655070
5,rs78615316,55978422
5,rs10060816,55980650
5,rs62357926,55984025
5,rs74692194,55985778
5,rs55999709,55989823
5,rs79167119,55994172
5,rs141371509,55994713
5,rs16886113,55995035
5,rs16886165,56023083
5,rs78601188,56026473
5,rs17354278,56030717
5,rs889312,56031884
5,rs13355753,56033307
5,rs11955048,56036982
5,rs16886207,56038219
5,rs62355882,56045110
5,rs7726354,56256483
5,rs2662024,56257515
5,rs978407,56259593
5,rs78366197,56261196
5,rs7736675,56273400
5,rs10036895,56273693
5,rs75137028,56277932
5,rs16886583,56279658
5,rs74520355,158127025
5,rs4147383,158145284
5,rs115975873,158157221
5,rs12188736,158161210
5,rs75609125,158232531
5,rs114682594,158238980
5,rs6556366,158242238
5,rs11954193,158256118
5,rs2072495,158296996
5,rs17543647,158305345
5,rs717564,158324706
5,rs1469070,158330235
5,rs11747592,158331675
5,rs62385381,158350706
5,rs113255182,158355949
5,rs35783415,158357494
6,rs1038304,151933175
6,rs6929137,151936677
6,rs3734804,151939181
6,rs3734805,151939350
6,rs13207030,151944418
6,rs2046210,151948366
6,rs74893841,151948668
6,rs73001930,151959133
6,rs865898,151963697
6,rs851967,151981156
6,rs6913799,151988829
6,rs77882579,151990197
6,rs12526447,152040125
6,rs7772579,152042502
6,rs11755191,152044107
6,rs1999805,152068364
6,rs80144994,152207415
6,rs35882398,152212459
6,rs9340881,152233808
6,rs12204714,152235339
8,rs186130705,36691109
8,rs79926822,36696318
8,rs16885494,36697279
8,rs61744028,36703120
8,rs10089611,36786278
8,rs1005583,36787153
8,rs17400313,36788391
8,rs16885577,36788479
8,rs190224798,36788597
8,rs2275960,36790339
8,rs4739456,36792421
8,rs202135812,36793269
8,rs10086016,36847709
8,rs144400032,36854429
8,rs72635328,36855332
8,rs9649910,36865173
8,rs10956354,128279274
8,rs2198149,128283434
8,rs43664,128288622
8,rs283710,128289591
8,rs16902094,128320346
8,rs16902095,128321684
8,rs445114,128323181
8,rs622856,128333180
8,rs444318,128333513
8,rs17464492,128342866
8,rs72712352,128349434
8,rs12541832,128353171
8,rs13281615,128355618
8,rs80159030,128356300
8,rs11783615,128367007
8,rs116979987,128368872
8,rs117930653,128369231
8,rs117400391,128369510
8,rs78858194,128372853
8,rs7815100,128376801
8,rs2060775,128378626
8,rs79477516,128383084
8,rs2121631,128386556
8,rs2392780,128388025
8,rs6981732,128395593
8,rs6986543,128396316
8,rs896324,128396512
8,rs6998392,128398756
8,rs7833138,128399808
8,rs7820981,128400176
8,rs1562871,128401772
8,rs12549845,128402907
9,rs4979065,110300994
9,rs75076257,110303457
9,rs10759243,110306115
9,rs76330086,110307810
9,rs10979159,110775653
9,rs34104186,110776207
9,rs7029094,110782565
9,rs117290977,110782961
9,rs865686,110888478
9,rs7863179,110893246
9,rs10114582,110897072
9,rs35338365,110900335
9,rs34499892,110920289
9,rs79206850,110924215
9,rs527246,110932294
9,rs35904098,110932572
10,rs76184639,80829483
10,rs12415516,80829654
10,rs12263636,80833662
10,rs10824713,80835868
10,rs79300793,80836314
10,rs704010,80841148
10,rs1250004,80846655
10,rs75016580,80849470
10,rs4979845,80890674
10,rs704001,80892882
10,rs80006832,80893154
10,rs72816256,80894341
10,rs12220969,122489133
10,rs11199520,122490623
10,rs3011391,122491505
10,rs66462935,122499165
10,rs35098964,123095012
10,rs10466213,123096468
10,rs9421411,123096559
10,rs10466215,123096747
10,rs56226109,123325158
10,rs2912787,123325538
10,rs36048667,123328529
10,rs3750817,123332577
10,rs2981579,123337335
10,rs17542768,123337814
10,rs45631549,123338472
10,rs45631614,123340327
10,rs45631630,123340824
10,rs2981575,123346116
10,rs1219648,123346190
10,rs17542858,123349430
10,rs2981582,123352317
10,rs45631558,123357210
10,rs41301031,123359727
10,rs73356565,123365724
10,rs74886369,123368101
10,rs117813079,123371924
10,rs10788190,123387029
10,rs1631281,123390785
10,rs116850002,123421277
10,rs12242201,123422858
10,rs61874138,123425616
10,rs1696837,123427642
10,rs61874140,123435982
10,rs1219487,123440279
10,rs113940757,123442482
10,rs7924234,123446062
10,rs1696820,123462700
10,rs12780622,123465218
10,rs11200087,123467204
10,rs17102476,123468719
11,rs2137320,1884342
11,rs79636275,1886563
11,rs4980391,1889102
11,rs72843946,1890571
11,rs55699011,1890743
11,rs57209236,1892343
11,rs4980389,1892585
11,rs61868780,1894039
11,rs181774507,1901358
11,rs144778074,1901454
11,rs2271439,1901467
11,rs61751880,1904736
11,rs61868799,1905880
11,rs3817197,1906174
11,rs61868801,1907421
11,rs3817198,1909006
11,rs61868803,1930201
11,rs72846727,1931121
11,rs909116,1941946
11,rs78662878,1945174
11,rs6606643,69241807
11,rs7927237,69245812
11,rs79373485,69247621
11,rs61881566,69255125
11,rs117796657,69255905
11,rs74512832,69260580
11,rs7394746,69262428
11,rs7113550,69269768
11,rs10501399,69269858
11,rs11604051,69275865
11,rs10737153,69281829
11,rs57506806,69283424
11,rs76987532,69295887
11,rs587230,69299771
11,rs1122316,69300075
11,rs4980661,69306579
11,rs637185,69308023
11,rs665172,69311989
11,rs592081,69314267
11,rs11601399,69320462
11,rs76809977,69323264
11,rs657315,69332712
11,rs498931,69339617
11,rs71465432,69343155
11,rs75296154,69343815
11,rs72929545,69349388
11,rs183782062,69353882
11,rs79442425,69377509
11,rs655089,69448575
11,rs1385875,69452559
11,rs77290390,69453506
11,rs3212861,69455451
11,rs34507830,69461686
11,rs9344,69462910
11,rs649392,69464793
11,rs3212896,69466962
11,rs10894061,129451227
11,rs4937437,129453148
11,rs10894063,129454023
11,rs10894074,129457033
11,rs11822830,129461016
11,rs7107217,129473690
11,rs7936804,129474773
11,rs57246949,129476625
12,rs117194293,28100816
12,rs12308352,28105082
12,rs4931048,28110444
12,rs10492364,28112256
12,rs10843048,28132906
12,rs77549114,28147129
12,rs788464,28153018
12,rs2590275,28166067
12,rs11049383,28318717
12,rs11049411,28337656
12,rs11610011,28355734
12,rs2169752,28392212
12,rs12812272,28421760
12,rs2045887,28423758
12,rs117037248,28446334
12,rs12370271,28466773
12,rs73083992,28507758
12,rs16932773,28507879
12,rs17433455,28528976
12,rs11049567,28538435
12,rs73085935,28580923
12,rs73085941,28586251
12,rs144054230,28605370
12,rs17434989,28611799
12,rs17041204,96017678
12,rs74817219,96019569
12,rs2887022,96027323
12,rs17356907,96027759
12,rs10777715,96029331
12,rs4762592,96033647
12,rs74659910,96035077
12,rs61938100,96035572
12,rs76155771,115796086
12,rs11067551,115796577
12,rs7307733,115810102
12,rs1391713,115814864
12,rs2047482,115824875
12,rs78181703,115825892
12,rs10850495,115826915
12,rs2454400,115827511
12,rs11067567,115828256
12,rs11609185,115832213
12,rs117697094,115835044
12,rs61929330,115835520
12,rs1009975,115837861
12,rs1039300,115839617
12,rs1039299,115839760
12,rs11067576,115843295
14,rs71423318,69005887
14,rs17105810,69007232
14,rs2842330,69010925
14,rs61985778,69015415
14,rs192820696,69019438
14,rs149689169,69019602
14,rs74637563,69030890
14,rs999737,69034682
14,rs79071597,69044554
14,rs58592978,69045382
14,rs17829162,69046093
14,rs2256206,69052424
16,rs12447430,52521628
16,rs45545931,52523640
16,rs7186907,52527403
16,rs45577538,52528599
16,rs9302555,52528847
16,rs78592318,52529107
16,rs4784220,52535810
16,rs8046985,52536348
16,rs45496893,52568130
16,rs34750829,52569537
16,rs9931232,52572832
16,rs3803662,52586341
16,rs45477396,52589347
16,rs45493397,52591719
16,rs75571494,52596184
16,rs4594251,52597844
16,rs4784227,52599188
16,rs76543857,52603860
16,rs118162666,52606881
16,rs9708611,52612665
16,rs3104767,52624738
16,rs45570038,52632689
16,rs3112612,52635164
16,rs45568636,52635313
16,rs72807664,52650827
16,rs3112606,52650909
16,rs11647405,52652780
16,rs11075562,52652980
16,rs1861868,53790402
16,rs60386982,53797452
16,rs6499643,53797518
16,rs9940128,53800754
16,rs1421085,53800954
16,rs111240785,53801116
16,rs2058908,53806145
16,rs1477196,53808258
16,rs1121980,53809247
16,rs17817449,53813367
16,rs8050136,53816275
16,rs3751812,53818460
16,rs76804286,53820512
16,rs9939609,53820527
16,rs7202116,53821615
16,rs9941349,53825488
16,rs7187961,53826034
16,rs9930506,53830465
16,rs9922619,53831771
16,rs111357538,53842712
16,rs12149832,53842908
16,rs116753298,53844105
16,rs17218700,53844579
16,rs11642841,53845487
16,rs6499652,53874580
16,rs2111114,53883452
16,rs117702162,53892971
16,rs17820328,53895804
17,rs75672143,29172043
17,rs11657270,29214387
17,rs62070652,29221277
17,rs114345202,29221584
17,rs117870634,29243402
17,rs3760318,29247715
17,rs7225461,29259899
17,rs79677514,29261449
19,rs35773079,44280980
19,rs74487631,44281785
19,rs11879798,44281898
19,rs3760983,44286660
19,rs62116988,44296689
19,rs7250952,44296886
19,rs10426528,44299298
19,rs349048,44300937
19,rs4525602,44301513
19,rs11547806,44303066
19,rs11879355,44306482
19,rs62116994,44306782
21,rs73174561,16473448
21,rs117952954,16478023
21,rs4817650,16480898
21,rs73174575,16481356
21,rs12483713,16520686
21,rs10482866,16523219
21,rs2008843,16534968
21,rs8127278,16552671
21,rs74626514,16560529
21,rs62218999,16562709
21,rs2823130,16566350
21,rs7275695,16568524
