chr,snp,bp,Pv
1,rs11249433,121280613,3.78E-15
2,rs13387042,217890643,1.09E-25
2,rs72951831,217905832,1.76E-17
2,rs13002378,217936746,2.30E-12
2,rs6716542,217957699,4.95E-12
2,rs67184727,217967717,1.06E-11
2,rs2372965,217976869,1.17E-09
3,rs3920005,27165174,1.52E-19
3,rs4973768,27243119,3.62E-17
3,rs1522151,27326451,1.41E-14
3,rs1124873,27332820,6.03E-13
3,rs17680194,27368884,2.77E-09
3,rs10510592,27416013,7.57E-09
3,rs10510594,27445430,7.96E-09
4,rs6826366,175846110,7.60E-10
5,rs16886165,44662515,3.27E-28
5,rs889312,44701418,1.49E-18
5,rs714130,44809162,1.83E-14
5,rs16886113,44853352,3.87E-13
5,rs4415084,44875005,5.97E-13
5,rs10077814,44916789,9.99E-13
5,rs7716600,45286288,2.13E-12
5,rs76485124,55995035,2.31E-12
5,rs2662024,56023083,3.91E-12
5,rs78686102,56031884,5.29E-12
5,rs10036895,56045110,7.91E-12
5,rs7726354,56060400,1.71E-11
5,rs62355882,56152795,4.51E-11
5,rs72759957,56256483,2.82E-10
5,Affx-26614651,56257515,1.40E-09
5,rs4440370,56273693,1.50E-09
5,rs11954193,158256118,4.37E-09
6,rs6929137,151936677,1.10E-16
6,rs2046210,151939350,8.04E-14
6,rs3734805,151948366,1.19E-10
6,rs6913799,151988829,4.25E-10
8,rs13281615,36697279,2.28E-17
8,rs12541832,36788479,1.54E-15
8,rs7815100,36790339,3.15E-14
8,rs2392780,36847709,3.95E-14
8,rs10086016,128342866,1.02E-11
8,rs2121631,128353171,2.51E-10
8,rs16885577,128355618,1.20E-09
8,rs16885494,128376801,3.26E-09
8,rs2275960,128386556,3.86E-09
8,rs17464492,128388025,7.07E-09
9,rs865686,110837073,1.33E-15
9,rs527246,110888478,2.37E-10
9,rs10816625,110932294,1.76E-09
10,rs2981575,123241122,7.36E-101
10,rs1219648,123332577,2.10E-100
10,rs2981579,123337335,3.10E-100
10,rs2981582,123340824,5.42E-92
10,rs3750817,123346116,1.03E-44
10,rs73356565,123346190,4.97E-15
10,rs1631281,123352317,7.28E-14
10,rs7924234,123365724,2.04E-10
10,rs12242201,123390785,1.87E-09
10,rs3135819,123422858,2.21E-09
10,rs45631630,123446062,7.61E-09
11,rs75296154,69281829,3.95E-26
11,rs57506806,69283424,5.16E-16
11,rs34507830,69311989,1.33E-11
11,rs10737153,69343815,6.01E-10
11,rs665172,69461686,8.98E-09
12,rs17356907,28132906,3.04E-14
12,rs788464,28153018,5.09E-13
12,rs2590275,28166067,3.04E-10
12,rs1391713,96027759,3.25E-10
12,rs10843048,115814864,1.11E-09
12,rs11067567,115826915,1.26E-09
12,rs10850495,115828256,4.32E-09
14,rs999737,69005887,1.18E-10
14,rs71423318,69034682,3.87E-09
16,rs4784227,23632683,1.70E-68
16,rs3803662,52527403,1.40E-60
16,rs4784220,52535810,3.13E-30
16,rs9931232,52572832,3.27E-22
16,rs9708611,52586341,2.50E-16
16,rs7186907,52597844,9.13E-15
16,rs3104767,52599188,2.08E-13
16,rs3112612,52612665,4.69E-13
16,rs180177132,52624738,7.01E-13
16,rs3112606,52635164,5.74E-12
16,rs4594251,52650909,1.71E-10
17,rs62070652,29221277,4.01E-09
21,rs7275695,16568524,4.22E-10
22,rs17002034,40826534,7.84E-14
22,rs17002030,40877635,4.60E-13
22,rs6001932,40900856,1.46E-12
22,rs73169003,40989374,2.55E-12
22,rs73167034,40996367,1.71E-11
