"","CHR","Start","End","Gene"
"1","chr11",867858,914845,"CHID1"
"2","chr11",925869,1012240,"AP2A2"
"3","chr11",1012822,1036718,"MUC6"
"4","chr11",1049879,1055764,"LINC02688"
"5","chr11",1074874,1104416,"MUC2"
"6","chr11",1151579,1222364,"MUC5AC"
"7","chr11",1244295,1283402,"MUC5B"
"8","chr11",1263490,1270906,"MUC5B-AS1"
"9","chr11",1277834,1277900,"MIR6744"
"10","chr11",1295600,1330862,"TOLLIP"
"11","chr11",1330937,1331937,"TOLLIP-DT"
"12","chr11",1411163,1483919,"BRSK2"
"13","chr11",1490677,1508009,"MOB2"
"14","chr11",1575280,1593501,"DUSP8"
"15","chr11",1593970,1620414,"KRTAP5-AS1"
"16","chr11",1605571,1606513,"KRTAP5-1"
"17","chr11",1618406,1619524,"KRTAP5-2"
"18","chr11",1628794,1629693,"KRTAP5-3"
"19","chr11",1642187,1643368,"KRTAP5-4"
"20","chr11",1651004,1652160,"KRTAP5-5"
"21","chr11",1686828,1689086,"FAM99A"
"22","chr11",1704499,1706859,"FAM99B"
"23","chr11",1718424,1718985,"KRTAP5-6"
"24","chr11",1753635,1771825,"IFITM10"
"25","chr11",1773984,1785157,"CTSD"
"26","chr11",1855656,1858751,"SYT8"
"27","chr11",1860210,1862908,"TNNI2"
"28","chr11",1874313,1913493,"LSP1"
"29","chr11",1880693,1880766,"MIR4298"
"30","chr11",1901274,1901377,"MIR7847"
"31","chr11",1909307,1913125,"PRR33"
"32","chr11",1917988,1929589,"LINC01150"
"33","chr11",1940932,1959932,"TNNT3"
"34","chr11",1968561,2036174,"MRPL23"
"35","chr11",1970560,1970706,"SNORD131"
"36","chr11",2004438,2011150,"MRPL23-AS1"
"37","chr11",2012325,2014699,"LINC01219"
"38","chr11",2016405,2022696,"H19"
"39","chr11",2017988,2018061,"MIR675"
"40","chr11",2150346,2170796,"IGF2"
"41","chr11",2150346,2182439,"INS-IGF2"
"42","chr11",2155363,2155439,"MIR483"
"43","chr11",2161741,2169896,"IGF2-AS"
"44","chr11",2181008,2182439,"INS"
"45","chr11",2185158,2193045,"TH"
"46","chr11",2194292,2194368,"MIR4686"
"47","chr11",2289727,2291818,"ASCL2"
"48","chr11",2316857,2324370,"C11orf21"
"49","chr11",2323242,2339434,"TSPAN32"
"50","chr11",2349978,2399222,"CD81-AS1"
"51","chr11",2397409,2418627,"CD81"
"52","chr11",2421979,2425106,"TSSC4"
"53","chr11",2425744,2465744,"TRPM5"
"54","chr11",2466237,2870340,"KCNQ1"
"55","chr11",2629557,2721228,"KCNQ1OT1"
"56","chr11",2861364,2882799,"KCNQ1-AS1"
"57","chr11",2891262,2893335,"KCNQ1DN"
"58","chr11",2904447,2907005,"CDKN1C"
"59","chr11",2908573,2924805,"SLC22A18AS"
"60","chr11",2920920,2946476,"SLC22A18"
"61","chr11",2949502,2950650,"PHLDA2"
"62","chr11",2965666,3013559,"NAP1L4"
"63","chr11",2985000,2985123,"SNORA54"
"64","chr11",3022158,3078653,"CARS1"
"65","chr11",3050623,3062490,"CARS1-AS1"
"66","chr11",3108336,3186540,"OSBPL5"
"67","chr11",3239173,3240043,"MRGPRG"
"68","chr11",3239561,3244361,"MRGPRG-AS1"
"69","chr11",3246259,3253647,"MRGPRE"
"70","chr11",3379156,3400376,"ZNF195"
"71","chr11",3402190,3430378,"TSSC2"
"72","chr11",3411936,3413145,"OR7E12P"
"73","chr11",3494800,3498303,"LOC105376526"
"74","chr11",3529209,3593217,"LOC101927708"
"75","chr11",3631553,3635982,"XNDC1CP"
"76","chr11",3647689,3658789,"TRPC2"
"77","chr11",3659741,3663609,"ART5"
"78","chr11",3666357,3685646,"ART1"
"79","chr11",3686816,3692614,"CHRNA10"
"80","chr11",3696239,3818784,"NUP98"
"81","chr11",3818953,3847601,"PGAP2"
"82","chr11",3848207,3862189,"RHOG"
"83","chr11",3875833,4114440,"STIM1"
"84","chr11",3877291,3877371,"MIR4687"
"85","chr11",4115914,4160162,"RRM1"
"86","chr11",4208381,4223883,"LINC02749"
"87","chr11",4388492,4389616,"OR52B4"
"88","chr11",4406126,4414932,"TRIM21"
"89","chr11",4470524,4471591,"OR52K2"
"90","chr11",4503875,4514727,"OR52K1"
"91","chr11",4566420,4567374,"OR52M1"
"92","chr11",4592652,4599050,"C11orf40"
"93","chr11",4608022,4609135,"OR52I2"
"94","chr11",4615268,4616243,"OR52I1"
"95","chr11",4619901,4629461,"TRIM68"
"96","chr11",4658706,4664290,"OR51D1"
"97","chr11",4665211,4676718,"OR51E1"
"98","chr11",4701400,4719083,"OR51E2"
"99","chr11",4711652,4719083,"OR51C1P"
"100","chr11",4726013,5013659,"MMP26"
"101","chr11",4790208,4791168,"OR51F1"
"102","chr11",4824662,4825610,"OR52R1"
"103","chr11",4842550,4843686,"OR51F2"
"104","chr11",4869466,4870438,"OR51S1"
"105","chr11",4880846,4884882,"OR51H1"
"106","chr11",4903129,4904113,"OR51T1"
"107","chr11",4925012,4930692,"OR51A7"
"108","chr11",4933817,4940580,"OR51G2"
"109","chr11",4944603,4945569,"OR51G1"
"110","chr11",4964060,4968835,"OR51A4"
"111","chr11",4976001,4976943,"OR51A2"
"112","chr11",5016080,5026766,"OR51L1"
"113","chr11",5067755,5068691,"OR52J3"
"114","chr11",5079879,5080857,"OR52E2"
"115","chr11",5090801,5091727,"OR52E1"
"116","chr11",5150005,5159586,"OR52A5"
"117","chr11",5168053,5175987,"OR52A1"
"118","chr11",5198943,5199894,"OR52Z1P"
"119","chr11",5220964,5221912,"OR51V1"
"120","chr11",5246693,5248301,"HBB"
"121","chr11",5254067,5255713,"HBD"
"122","chr11",5263183,5264822,"HBBP1"
"123","chr11",5265783,5266776,"BGLT3"
"124","chr11",5269498,5271087,"HBG1"
"125","chr11",5274417,5276011,"HBG2"
"126","chr11",5289574,5291175,"HBE1"
"127","chr11",5322243,5323176,"OR51B4"
"128","chr11",5344588,5345527,"OR51B2"
"129","chr11",5361547,5526882,"OR51B5"
"130","chr11",5372737,5373676,"OR51B6"
"131","chr11",5405041,5414493,"OR51M1"
"132","chr11",5443340,5444436,"OR51Q1"
"133","chr11",5461799,5462744,"OR51I1"
"134","chr11",5470552,5477748,"OR51I2"
"135","chr11",5509914,5510979,"OR52D1"
"136","chr11",5528529,5531187,"UBQLN3"
"137","chr11",5535622,5537929,"UBQLNL"
"138","chr11",5539539,5543015,"OLFM5P"
"139","chr11",5565790,5569770,"OR52H1"
"140","chr11",5602106,5603114,"OR52B6"
"141","chr11",5617340,5634182,"TRIM6"
"142","chr11",5617866,5665628,"TRIM6-TRIM34"
"143","chr11",5641173,5665628,"TRIM34"
"144","chr11",5684424,5706304,"TRIM5"
"145","chr11",5711019,5732093,"TRIM22"
"146","chr11",5747731,5748694,"OR52P1"
"147","chr11",5757677,5759753,"OR56B1"
"148","chr11",5775472,5777188,"OR52N4"
"149","chr11",5782382,5790310,"OR56B2P"
"150","chr11",5797394,5804585,"OR52N5"
"151","chr11",5807700,5812495,"OR52N1"
"152","chr11",5830153,5842713,"OR52N2"
"153","chr11",5862157,5863127,"OR52E6"
"154","chr11",5877978,5878920,"OR52E8"
"155","chr11",5901858,5908309,"OR52E4"
"156","chr11",5914437,5923960,"OR52E5"
"157","chr11",5963480,5972577,"OR56A3"
"158","chr11",5988782,5989724,"OR56A5"
"159","chr11",6007121,6008215,"OR52L1"
"160","chr11",6020674,6028176,"OR56A4"
"161","chr11",6040565,6055568,"OR56A1"
"162","chr11",6128913,6130065,"OR56B4"
"163","chr11",6190584,6191556,"OR52B2"
"164","chr11",6220453,6221416,"OR52W1"
"165","chr11",6226786,6232365,"C11orf42"
"166","chr11",6232574,6255866,"FHIP1B"
"167","chr11",6260318,6265709,"CNGA4"
"168","chr11",6281067,6293357,"CCKBR"
"169","chr11",6340175,6341731,"CAVIN3"
"170","chr11",6411703,6416226,"SMPD1"
"171","chr11",6416353,6440683,"APBB1"
"172","chr11",6452278,6462217,"HPX"
"173","chr11",6469842,6495689,"TRIM3"
"174","chr11",6497748,6502561,"ARFIP2"
"175","chr11",6502730,6505911,"TIMM10B"
"176","chr11",6518509,6593250,"DNHD1"
"177","chr11",6616301,6624846,"RRP8"
"178","chr11",6625003,6632101,"ILK"
"179","chr11",6627523,6633447,"TAF10"
"180","chr11",6633998,6640653,"TPP1"
"181","chr11",6642560,6677040,"DCHS1"
"182","chr11",6701615,6704571,"MRPL17"
"183","chr11",6734369,6743110,"GVINP1"
"184","chr11",6786856,6793207,"OR2AG2"
"185","chr11",6804250,6812789,"OR2AG1"
"186","chr11",6812966,6820920,"OR6A2"
"187","chr11",6866913,6867867,"OR10A5"
"188","chr11",6884287,6895948,"OR10A2"
"189","chr11",6897855,6898850,"OR10A4"
"190","chr11",6912804,6913731,"OR2D2"
"191","chr11",6942232,6943225,"OR2D3"
"192","chr11",6947656,7010161,"ZNF215"
"193","chr11",7018315,7041577,"ZNF214"
"194","chr11",7041709,7092757,"NLRP14"
"195","chr11",7110228,7112379,"RBMXL2"
"196","chr11",7255996,7256068,"MIR302E"
"197","chr11",7273134,7490274,"SYT9"
"198","chr11",7458857,7487066,"SYT9-AS1"
"199","chr11",7506736,7532608,"OLFML1"
"200","chr11",7535229,7679372,"PPFIBP2"
"201","chr11",7686325,7695498,"CYB5R2"
"202","chr11",7710667,7728024,"OVCH2"
"203","chr11",7817520,7818489,"OR5P2"
"204","chr11",7846364,7852387,"OR5P3"
"205","chr11",7870597,7871118,"OR5E1P"
"206","chr11",7872297,7927502,"LOC283299"
"207","chr11",7946138,7952815,"OR10A6"
"208","chr11",7958717,7963255,"OR10A3"
"209","chr11",7979083,7986994,"NLRP10"
"210","chr11",8008883,8023399,"EIF3F"
"211","chr11",8032824,8038056,"CASC23"
"212","chr11",8060179,8127790,"TUB"
"213","chr11",8081584,8090920,"TUB-AS1"
"214","chr11",8114511,8190572,"RIC3"
"215","chr11",8245855,8290334,"LMO1"
"216","chr11",8413416,8615775,"STK33"
"217","chr11",8633586,8704778,"TRIM66"
"218","chr11",8704338,8711419,"RPL27A"
"219","chr11",8705773,8705903,"SNORA3A"
"220","chr11",8706985,8707116,"SNORA3B"
"221","chr11",8714898,8932498,"DENND2B"
"222","chr11",8790324,8831823,"DENND2B-AS1"
"223","chr11",8932735,8941626,"AKIP1"
"224","chr11",8941622,8954494,"C11orf16"
"225","chr11",8959124,8964563,"ASCL3"
"226","chr11",8968748,8986494,"TMEM9B"
"227","chr11",8986221,8997830,"TMEM9B-AS1"
"228","chr11",9002122,9025548,"NRIP3"
"229","chr11",9041022,9113146,"SCUBE2"
"230","chr11",9111858,9111926,"MIR5691"
"231","chr11",9115909,9117737,"KRT8P41"
"232","chr11",9160371,9286897,"DENND5A"
"233","chr11",9302200,9336140,"TMEM41B"
"234","chr11",9406198,9469674,"IPO7"
"235","chr11",9450312,9450501,"SNORA23"
"236","chr11",9481102,9482245,"LOC644656"
"237","chr11",9482558,9550071,"ZNF143"
"238","chr11",9595216,9611532,"WEE1"
"239","chr11",9685623,9774540,"SWAP70"
"240","chr11",9776316,9781080,"LINC02709"
"241","chr11",9779839,9832866,"SBF2-AS1"
"242","chr11",9800214,10315766,"SBF2"
"243","chr11",9860688,9950810,"LOC101928008"
"244","chr11",10326619,10328944,"ADM"
"245","chr11",10329859,10452220,"CAND1.11"
"246","chr11",10471934,10529126,"AMPD3"
"247","chr11",10529816,10529873,"MIR4485"
"248","chr11",10533219,10562734,"RNF141"
"249","chr11",10562782,10621479,"IRAG1-AS1"
"250","chr11",10578512,10590212,"LYVE1"
"251","chr11",10594641,10715302,"IRAG1"
"252","chr11",10772792,10801293,"CTR9"
"253","chr11",10818592,10830473,"EIF4G2"
"254","chr11",10823013,10823155,"SNORD97"
"255","chr11",10830843,10844478,"LOC101928053"
"256","chr11",10874252,10879600,"ZBED5"
"257","chr11",10879763,10900823,"ZBED5-AS1"
"258","chr11",11292423,11643552,"GALNT18"
"259","chr11",11373488,11374797,"CSNK2A3"
"260","chr11",11678197,11678269,"MIR4299"
"261","chr11",11804681,11804769,"MIR8070"
"262","chr11",11863518,11983434,"USP47"
"263","chr11",11984582,12030883,"DKK3"
"264","chr11",12052421,12083332,"LINC02547"
"265","chr11",12132136,12383687,"MICAL2"
"266","chr11",12185229,12185314,"MIR6124"
"267","chr11",12399117,12556903,"PARVA"
"268","chr11",12695967,12966284,"TEAD1"
"269","chr11",13001080,13011095,"LINC00958"
"270","chr11",13030862,13033666,"RASSF10"
"271","chr11",13298198,13408813,"ARNTL"
"272","chr11",13409554,13484769,"BTBD10"
"273","chr11",13513600,13517728,"PTH"
"274","chr11",13690214,13753893,"FAR1"
"275","chr11",13805932,13869549,"LINC02548"
"276","chr11",13866408,13892163,"LINC02545"
"277","chr11",13942993,13946410,"LINC02683"
"278","chr11",13984269,14289679,"SPON1"
"279","chr11",14299465,14386052,"RRAS2"
"280","chr11",14479057,14521357,"COPB1"
"281","chr11",14526421,14665208,"PSMA1"
"282","chr11",14665349,14893590,"PDE3B"
"283","chr11",14898985,14913989,"CYP2R1"
"284","chr11",14988213,14993897,"CALCA"
"285","chr11",15095138,15100183,"CALCB"
"286","chr11",15133969,15268754,"INSC"
"287","chr11",15574318,15726918,"LINC02751"
"288","chr11",15987994,16760024,"SOX6"
"289","chr11",15991078,15991167,"MIR6073"
"290","chr11",16760193,16779887,"C11orf58"
"291","chr11",16798843,17035961,"PLEKHA7"
"292","chr11",16947484,16947569,"SNORD147"
"293","chr11",17073432,17074591,"OR7E14P"
"294","chr11",17095934,17099214,"RPS13"
"295","chr11",17096199,17096291,"SNORD14A"
"296","chr11",17097324,17097415,"SNORD14B"
"297","chr11",17108121,17229533,"PIK3C2A"
"298","chr11",17298285,17353758,"NUCB2"
"299","chr11",17373346,17398888,"NCR3LG1"
"300","chr11",17406794,17410893,"KCNJ11"
"301","chr11",17414044,17498392,"ABCC8"
"302","chr11",17515446,17565963,"USH1C"
"303","chr11",17568805,17667591,"OTOG"
"304","chr11",17716813,17718486,"LINC02729"
"305","chr11",17741117,17743683,"MYOD1"
"306","chr11",17756327,17804604,"KCNC1"
"307","chr11",17809594,18034594,"SERGEF"
"308","chr11",18039101,18067816,"TPH1"
"309","chr11",18101838,18127629,"SAAL1"
"310","chr11",18134018,18137679,"SAA3P"
"311","chr11",18142501,18160035,"MRGPRX3"
"312","chr11",18194383,18195827,"MRGPRX4"
"313","chr11",18230684,18235125,"SLC25A51P4"
"314","chr11",18252901,18258349,"SAA4"
"315","chr11",18252901,18270215,"SAA2-SAA4"
"316","chr11",18259782,18270215,"SAA2"
"317","chr11",18287810,18291514,"SAA1"
"318","chr11",18300216,18343721,"HPS5"
"319","chr11",18344113,18388592,"GTF2H1"
"320","chr11",18409333,18409407,"MIR3159"
"321","chr11",18416109,18429972,"LDHA"
"322","chr11",18433864,18473610,"LDHC"
"323","chr11",18477402,18501148,"LDHAL6A"
"324","chr11",18501857,18548489,"TSG101"
"325","chr11",18551155,18610281,"UEVLD"
"326","chr11",18621335,18631421,"SPTY2D1OS"
"327","chr11",18627949,18655889,"SPTY2D1"
"328","chr11",18720325,18726332,"TMEM86A"
"329","chr11",18725858,18747735,"IGSF22"
"330","chr11",18749474,18814268,"PTPN5"
"331","chr11",18955045,18960961,"MRGPRX1"
"332","chr11",19076001,19082264,"MRGPRX2"
"333","chr11",19138714,19197962,"ZDHHC13"
"334","chr11",19203576,19223530,"CSRP3"
"335","chr11",19245609,19263202,"E2F8"
"336","chr11",19366782,20143147,"NAV2"
"337","chr11",19524218,19528776,"NAV2-AS5"
"338","chr11",19532439,19545625,"NAV2-AS4"
"339","chr11",19596856,19596919,"MIR4486"
"340","chr11",19732479,19736218,"NAV2-AS6"
"341","chr11",19781549,19781629,"MIR4694"
"342","chr11",20000244,20002920,"NAV2-AS3"
"343","chr11",20065320,20070849,"NAV2-AS2"
"344","chr11",20177700,20182021,"DBX1"
"345","chr11",20385259,20405328,"HTATIP2"
"346","chr11",20409261,20530884,"PRMT3"
"347","chr11",20621153,20680831,"SLC6A5"
"348","chr11",20691096,21597232,"NELL1"
"349","chr11",22214630,22304903,"ANO5"
"350","chr11",22359926,22401049,"SLC17A6"
"351","chr11",22467217,22513565,"LINC01495"
"352","chr11",22644078,22647369,"FANCF"
"353","chr11",22688121,22834601,"GAS2"
"354","chr11",22840472,22851347,"SVIP"
"355","chr11",22868467,22882020,"CCDC179"
"356","chr11",23440650,23440736,"MIR8054"
"357","chr11",24518598,25104184,"LUZP2"
"358","chr11",26210354,26684836,"ANO3"
"359","chr11",26307131,26309554,"ANO3-AS1"
"360","chr11",26580578,26593810,"MUC15"
"361","chr11",26688566,26743607,"SLC5A12"
"362","chr11",27015658,27018634,"FIBIN"
"363","chr11",27062361,27149356,"BBOX1"
"364","chr11",27068732,27241660,"BBOX1-AS1"
"365","chr11",27360058,27384762,"CCDC34"
"366","chr11",27387507,27494337,"LGR4"
"367","chr11",27493277,27503980,"LGR4-AS1"
"368","chr11",27515964,27528316,"LIN7C"
"369","chr11",27528398,27719718,"BDNF-AS"
"370","chr11",27536516,27536594,"MIR8087"
"371","chr11",27639172,27656174,"LINC00678"
"372","chr11",27676439,27743577,"BDNF"
"373","chr11",28042165,28129703,"KIF18A"
"374","chr11",28078361,28078457,"MIR610"
"375","chr11",28129934,28355054,"METTL15"
"376","chr11",28499027,28499095,"MIR8068"
"377","chr11",29615959,29652223,"LINC02546"
"378","chr11",30001666,30003940,"LINC01616"
"379","chr11",30031276,30038577,"KCNA4"
"380","chr11",30252560,30256741,"FSHB"
"381","chr11",30344650,30359770,"ARL14EP"
"382","chr11",30405625,30607900,"MPPED2"
"383","chr11",30885149,31391286,"DCDC1"
"384","chr11",31391406,31454382,"DNAJC24"
"385","chr11",31453947,31531169,"IMMP1L"
"386","chr11",31531313,31811872,"ELP4"
"387","chr11",31810573,31839509,"PAX6"
"388","chr11",31838113,31908587,"PAX6-AS1"
"389","chr11",31848113,31850850,"PAUPAR"
"390","chr11",32057524,32062864,"LINC03031"
"391","chr11",32112619,32127268,"RCN1"
"392","chr11",32165287,32165458,"SNORA88"
"393","chr11",32409320,32457085,"WT1"
"394","chr11",32457063,32480315,"WT1-AS"
"395","chr11",32605376,32627810,"EIF3M"
"396","chr11",32624266,32816208,"CCDC73"
"397","chr11",32851472,32879666,"PRRG4"
"398","chr11",32914356,33001816,"QSER1"
"399","chr11",33037423,33055128,"DEPDC7"
"400","chr11",33061117,33095109,"TCP11L1"
"401","chr11",33097695,33101000,"LINC00294"
"402","chr11",33106129,33183026,"CSTF3"
"403","chr11",33183202,33213144,"CSTF3-DT"
"404","chr11",33278217,33378569,"HIPK3"
"405","chr11",33397653,33695648,"KIAA1549L"
"406","chr11",33719806,33722372,"C11orf91"
"407","chr11",33724555,33758025,"CD59"
"408","chr11",33762489,33796066,"FBXO3"
"409","chr11",33796244,33797216,"FBXO3-DT"
"410","chr11",33880121,33913623,"LMO2"
"411","chr11",34073277,34124157,"CAPRIN1"
"412","chr11",34127175,34168455,"NAT10"
"413","chr11",34172533,34379557,"ABTB2"
"414","chr11",34460480,34493607,"CAT"
"415","chr11",34500337,34535341,"ELF5"
"416","chr11",34642639,34684835,"EHF"
"417","chr11",34903841,34937926,"APIP"
"418","chr11",34937984,35017675,"PDHX"
"419","chr11",34963383,34963467,"MIR1343"
"420","chr11",35154196,35159579,"CD44-DT"
"421","chr11",35160717,35253949,"CD44"
"422","chr11",35184496,35184557,"SNORD164"
"423","chr11",35231164,35236557,"CD44-AS1"
"424","chr11",35272751,35441605,"SLC1A2"
"425","chr11",35453373,35551848,"PAMR1"
"426","chr11",35640007,35642413,"FJX1"
"427","chr11",35684322,35839557,"TRIM44"
"428","chr11",35965611,36253686,"LDLRAD3"
"429","chr11",36031647,36031754,"MIR3973"
"430","chr11",36084832,36099451,"LOC101928510"
"431","chr11",36293841,36310974,"COMMD9"
"432","chr11",36317837,36486754,"PRR5L"
"433","chr11",36505318,36531822,"TRAF6"
"434","chr11",36531902,36601312,"RAG1"
"435","chr11",36613492,36619786,"RAG2"
"436","chr11",36616051,36680822,"IFTAP"
"437","chr11",37960150,37976213,"LINC02760"
"438","chr11",38639813,38667906,"LINC02759"
"439","chr11",38670407,38676799,"LINC01493"
"440","chr11",40135748,41481202,"LRRC4C"
"441","chr11",41736117,41857992,"LINC01499"
"442","chr11",42023271,42107008,"LINC02745"
"443","chr11",42209292,42275240,"LINC02740"
"444","chr11",43283053,43290919,"HNRNPKP3"
"445","chr11",43333545,43366079,"API5"
"446","chr11",43380469,43516481,"TTC17"
"447","chr11",43581205,43581303,"MIR670"
"448","chr11",43590855,43591950,"MIR670HG"
"449","chr11",43602943,43603033,"MIR129-2"
"450","chr11",43702287,43878165,"HSD17B12"
"451","chr11",43902380,43941824,"ALKBH3"
"452","chr11",43918852,43921438,"SEC14L1P1"
"453","chr11",43930838,43942494,"ALKBH3-AS1"
"454","chr11",43964186,43965428,"C11orf96"
"455","chr11",44069530,44081527,"ACCSL"
"456","chr11",44087819,44105787,"ACCS"
"457","chr11",44117227,44273512,"EXT2"
"458","chr11",44281989,44331689,"ALX4"
"459","chr11",44587212,44641908,"CD82"
"460","chr11",44748511,44953974,"TSPAN18"
"461","chr11",44953898,44972857,"TP53I11"
"462","chr11",44995452,44999579,"LINC02685"
"463","chr11",45115709,45256660,"PRDM11"
"464","chr11",45261852,45307892,"SYT13"
"465","chr11",45376921,45378208,"LINC02696"
"466","chr11",45392947,45410059,"LINC02687"
"467","chr11",45669238,45687172,"CHST1"
"468","chr11",45713253,45713326,"MIR7154"
"469","chr11",45743857,45746106,"LOC100507384"
"470","chr11",45792982,45793909,"LINC02716"
"471","chr11",45825622,45834567,"SLC35C1"
"472","chr11",45868668,45904795,"CRY2"
"473","chr11",45907201,45928016,"MAPK8IP1"
"474","chr11",45928084,45928822,"C11orf94"
"475","chr11",45931213,45939428,"PEX16"
"476","chr11",45943171,45950647,"LARGE2"
"477","chr11",45950869,46143005,"PHF21A"
"478","chr11",46193505,46198657,"LOC101928894"
"479","chr11",46299212,46342959,"CREB3L1"
"480","chr11",46354475,46402104,"DGKZ"
"481","chr11",46397951,46398034,"MIR4688"
"482","chr11",46402333,46405387,"MDK"
"483","chr11",46405338,46413326,"CHRM4"
"484","chr11",46417961,46615573,"AMBRA1"
"485","chr11",46473354,46473439,"MIR3160-1"
"486","chr11",46473356,46473437,"MIR3160-2"
"487","chr11",46624410,46638777,"HARBI1"
"488","chr11",46639102,46696068,"ATG13"
"489","chr11",46698629,46722169,"ARHGAP1"
"490","chr11",46722580,46727462,"ZNF408"
"491","chr11",46740762,46761056,"F2"
"492","chr11",46764597,46867831,"CKAP5"
"493","chr11",46774674,46774742,"MIR5582"
"494","chr11",46783938,46784049,"SNORD67"
"495","chr11",46867961,46895967,"LRP4-AS1"
"496","chr11",46878267,46940101,"LRP4"
"497","chr11",46958239,47185936,"CSTPP1"
"498","chr11",47185851,47198430,"ARFGAP2"
"499","chr11",47199072,47207985,"PACSIN3"
"500","chr11",47201161,47201288,"MIR6745"
"501","chr11",47236004,47260768,"DDB2"
"502","chr11",47260852,47270365,"ACP2"
"503","chr11",47269850,47290584,"NR1H3"
"504","chr11",47290738,47351582,"MADD"
"505","chr11",47292207,47293661,"MADD-AS1"
"506","chr11",47352956,47374253,"MYBPC3"
"507","chr11",47376410,47400098,"SPI1"
"508","chr11",47422520,47422593,"MIR4487"
"509","chr11",47428826,47438051,"SLC39A13"
"510","chr11",47440325,47447990,"PSMC3"
"511","chr11",47459314,47470688,"RAPSN"
"512","chr11",47487488,47587091,"CELF1"
"513","chr11",47587150,47595013,"PTPMT1"
"514","chr11",47593748,47600522,"KBTBD4"
"515","chr11",47600625,47606114,"NDUFS3"
"516","chr11",47608202,47610746,"FAM180B"
"517","chr11",47611218,47615963,"C1QTNF4"
"518","chr11",47638868,47664111,"MTCH2"
"519","chr11",47681142,47736921,"AGBL2"
"520","chr11",47738045,47788893,"FNBP4"
"521","chr11",47799669,47870096,"NUP160"
"522","chr11",48002110,48192391,"PTPRJ"
"523","chr11",48118333,48118410,"MIR3161"
"524","chr11",48238361,48239291,"OR4B1"
"525","chr11",48266655,48267567,"OR4X2"
"526","chr11",48285412,48286330,"OR4X1"
"527","chr11",48327774,48328704,"OR4S1"
"528","chr11",48346471,48347507,"OR4C3"
"529","chr11",48387036,48388017,"OR4C5"
"530","chr11",48510344,48511274,"OR4A47"
"531","chr11",48997049,49005437,"TRIM51G"
"532","chr11",49050374,49059707,"TRIM49B"
"533","chr11",49075265,49080664,"TRIM64C"
"534","chr11",49166643,49230154,"FOLH1"
"535","chr11",49580079,49831971,"GRM5P1"
"536","chr11",49973942,49974971,"OR4C13"
"537","chr11",50003008,50004071,"OR4C12"
"538","chr11",50238998,50257633,"SEPTIN7P11"
"539","chr11",50368317,50379802,"LOC646813"
"540","chr11",51411377,51412448,"OR4A5"
"541","chr11",51515281,51516211,"OR4C46"
"542","chr11",55029630,55038590,"TRIM48"
"543","chr11",55061178,55065708,"TRIM51HP"
"544","chr11",55110676,55111663,"OR4A16"
"545","chr11",55135449,55136394,"OR4A15"
"546","chr11",55321944,55322895,"OR4C15"
"547","chr11",55339603,55340536,"OR4C16"
"548","chr11",55369835,55375121,"OR4C11"
"549","chr11",55405833,55406772,"OR4P4"
"550","chr11",55415802,55420330,"OR4S2"
"551","chr11",55429676,55433572,"OR4C6"
"552","chr11",55491251,55497097,"OR5D3P"
"553","chr11",55540913,55541858,"OR5D13"
"554","chr11",55563031,55563976,"OR5D14"
"555","chr11",55578842,55579952,"OR5L1"
"556","chr11",55587105,55588047,"OR5D18"
"557","chr11",55594694,55595630,"OR5L2"
"558","chr11",55606227,55607214,"OR5D16"
"559","chr11",55650772,55659286,"TRIM51"
"560","chr11",55681125,55682058,"OR5W2"
"561","chr11",55702931,55703876,"OR5I1"
"562","chr11",55733230,55737421,"OR10AG1"
"563","chr11",55746178,55753881,"OR7E5P"
"564","chr11",55761156,55762101,"OR5F1"
"565","chr11",55795129,55805667,"OR5AS1"
"566","chr11",55860783,55861716,"OR8I2"
"567","chr11",55871162,55875134,"OR8H2"
"568","chr11",55889848,55890787,"OR8H3"
"569","chr11",55902196,55907677,"OR8J3"
"570","chr11",55926869,55927793,"OR8K5"
"571","chr11",55944093,55945032,"OR5J2"
"572","chr11",55976460,55982698,"OR8J2"
"573","chr11",55998757,56001731,"OR5T2"
"574","chr11",56019729,56020698,"OR5T3"
"575","chr11",56041629,56044295,"OR5T1"
"576","chr11",56055937,56059730,"OR8H1"
"577","chr11",56082619,56088115,"OR8K3"
"578","chr11",56113514,56114474,"OR8K1"
"579","chr11",56121766,56128987,"OR8J1"
"580","chr11",56143099,56144029,"OR8U1"
"581","chr11",56180072,56181257,"OR5AL1"
"582","chr11",56184733,56185708,"OR8U3"
"583","chr11",56229944,56230877,"OR5M9"
"584","chr11",56236749,56240828,"OR5M3"
"585","chr11",56257910,56258846,"OR5M8"
"586","chr11",56309815,56310733,"OR5M11"
"587","chr11",56344249,56345197,"OR5M10"
"588","chr11",56376711,56382350,"OR5M1"
"589","chr11",56408964,56409915,"OR5AP2"
"590","chr11",56431161,56432094,"OR5AR1"
"591","chr11",56466570,56471360,"OR9G1"
"592","chr11",56508698,56516173,"OR9G4"
"593","chr11",56511348,56511457,"MIR6128"
"594","chr11",56615953,56645554,"LINC02735"
"595","chr11",56756388,56757318,"OR5AK2"
"596","chr11",56805008,56805935,"OR5AK4P"
"597","chr11",56949426,56959191,"LRRC55"
"598","chr11",57001064,57004724,"APLNR"
"599","chr11",57067115,57092426,"TNKS1BP1"
"600","chr11",57093461,57103366,"SSRP1"
"601","chr11",57105825,57139869,"P2RX3"
"602","chr11",57144241,57148623,"PRG3"
"603","chr11",57154252,57158123,"PRG2"
"604","chr11",57174426,57195053,"SLC43A3"
"605","chr11",57228000,57245007,"RTN4RL2"
"606","chr11",57252006,57283175,"SLC43A1"
"607","chr11",57295936,57298227,"TIMM10"
"608","chr11",57305067,57317745,"SMTNL1"
"609","chr11",57319134,57335408,"UBE2L6"
"610","chr11",57365157,57382321,"SERPING1"
"611","chr11",57408670,57408759,"MIR130A"
"612","chr11",57412559,57417385,"YPEL4"
"613","chr11",57425233,57429337,"CLP1"
"614","chr11",57435585,57468654,"ZDHHC5"
"615","chr11",57471180,57479687,"MED19"
"616","chr11",57479994,57586652,"TMX2-CTNND1"
"617","chr11",57480064,57508445,"TMX2"
"618","chr11",57508962,57511022,"SELENOH"
"619","chr11",57510985,57519291,"BTBD18"
"620","chr11",57529273,57587012,"CTNND1"
"621","chr11",57791352,57949088,"OR9Q1"
"622","chr11",57798424,57799378,"OR6Q1"
"623","chr11",57884213,57893002,"OR9I1"
"624","chr11",57956541,57961525,"OR9Q2"
"625","chr11",57970675,57971614,"OR1S2"
"626","chr11",57980191,57983556,"OR1S1"
"627","chr11",57995353,57996390,"OR10Q1"
"628","chr11",58034263,58035732,"OR10W1"
"629","chr11",58125596,58126542,"OR5B17"
"630","chr11",58169936,58174347,"OR5B3"
"631","chr11",58188710,58195594,"OR5B2"
"632","chr11",58206466,58209709,"OR5B12"
"633","chr11",58274279,58275578,"OR5B21"
"634","chr11",58294343,58345606,"LPXN"
"635","chr11",58346535,58389023,"ZFP91"
"636","chr11",58346586,58393206,"ZFP91-CNTF"
"637","chr11",58390137,58393206,"CNTF"
"638","chr11",58476229,58499416,"GLYAT"
"639","chr11",58601537,58612177,"GLYATL2"
"640","chr11",58672953,58723879,"GLYATL1"
"641","chr11",58701115,58825925,"LOC283194"
"642","chr11",58853779,58862259,"GLYATL1B"
"643","chr11",58874709,58894885,"FAM111B"
"644","chr11",58901444,58910281,"FAM111A-DT"
"645","chr11",58910328,58922512,"FAM111A"
"646","chr11",58938902,58976061,"DTX4"
"647","chr11",58975982,58980400,"MPEG1"
"648","chr11",59126367,59139187,"OR5AN1"
"649","chr11",59184441,59193886,"OR5A2"
"650","chr11",59203941,59218853,"OR5A1"
"651","chr11",59224433,59225378,"OR4D6"
"652","chr11",59240787,59246834,"OR4D10"
"653","chr11",59271048,59271984,"OR4D11"
"654","chr11",59279011,59288176,"OR4D9"
"655","chr11",59341870,59383247,"OSBP"
"656","chr11",59362549,59362631,"MIR3162"
"657","chr11",59404188,59436510,"PATL1"
"658","chr11",59480388,59481318,"OR10V1"
"659","chr11",59516284,59517054,"OR10V2P"
"660","chr11",59522848,59573351,"STX3"
"661","chr11",59573612,59578251,"MRPL16"
"662","chr11",59596745,59612972,"CBLIF"
"663","chr11",59620280,59633960,"TCN1"
"664","chr11",59646254,59663956,"OOSP3"
"665","chr11",59705904,59724953,"OOSP1"
"666","chr11",59731505,59737816,"OOSP4A"
"667","chr11",59784653,59798568,"OOSP4B"
"668","chr11",59807881,59815517,"OOSP2"
"669","chr11",59824137,59838588,"MS4A3"
"670","chr11",59856136,59865940,"MS4A2"
"671","chr11",59939079,59952139,"MS4A6A"
"672","chr11",59967742,60010610,"MS4A4E"
"673","chr11",59976543,59976629,"MIR6503"
"674","chr11",60048138,60076443,"MS4A4A"
"675","chr11",60094727,60116545,"MS4A6E"
"676","chr11",60146004,60163421,"MS4A7"
"677","chr11",60163931,60185229,"MS4A14"
"678","chr11",60197044,60215265,"MS4A5"
"679","chr11",60223319,60238225,"MS4A1"
"680","chr11",60260250,60274903,"MS4A12"
"681","chr11",60282864,60310194,"MS4A13"
"682","chr11",60383223,60454622,"LINC00301"
"683","chr11",60467084,60483280,"MS4A8"
"684","chr11",60492192,60512501,"MS4A18"
"685","chr11",60524339,60544206,"MS4A15"
"686","chr11",60552805,60568778,"MS4A10"
"687","chr11",60609585,60618554,"CCDC86"
"688","chr11",60618405,60623423,"PTGDR2"
"689","chr11",60635014,60643160,"ZP1"
"690","chr11",60658018,60674057,"PRPF19"
"691","chr11",60681629,60690915,"TMEM109"
"692","chr11",60691931,60704631,"TMEM132A"
"693","chr11",60704555,60719648,"SLC15A3"
"694","chr11",60739151,60787849,"CD6"
"695","chr11",60861434,60895324,"CD5"
"696","chr11",60897728,60928898,"VPS37C"
"697","chr11",60970986,60980570,"PGA3"
"698","chr11",60989818,60999166,"PGA4"
"699","chr11",61008646,61018916,"PGA5"
"700","chr11",61025757,61062788,"VWCE"
"701","chr11",61066922,61100577,"DDB1"
"702","chr11",61100699,61120898,"TKFC"
"703","chr11",61116216,61129755,"CYB561A3"
"704","chr11",61129845,61136981,"TMEM138"
"705","chr11",61160058,61166318,"TMEM216"
"706","chr11",61170200,61197447,"CPSF7"
"707","chr11",61197595,61214205,"SDHAF2"
"708","chr11",61248591,61258400,"PPP1R32"
"709","chr11",61276067,61276129,"MIR4488"
"710","chr11",61276220,61278490,"LRRC10B"
"711","chr11",61281185,61348548,"SYT7"
"712","chr11",61355965,61375018,"LOC101927495"
"713","chr11",61382507,61406921,"RPLP0P2"
"714","chr11",61447862,61514473,"DAGLA"
"715","chr11",61520107,61555990,"MYRF"
"716","chr11",61521500,61525136,"MYRF-AS1"
"717","chr11",61556420,61560071,"TMEM258"
"718","chr11",61559966,61560033,"MIR611"
"719","chr11",61560382,61564710,"FEN1"
"720","chr11",61567098,61584475,"FADS1"
"721","chr11",61582632,61582712,"MIR1908"
"722","chr11",61583674,61634826,"FADS2"
"723","chr11",61640997,61659017,"FADS3"
"724","chr11",61645687,61645750,"MIR6746"
"725","chr11",61664772,61687756,"RAB3IL1"
"726","chr11",61717292,61732987,"BEST1"
"727","chr11",61731756,61735106,"FTH1"
"728","chr11",61891482,61920641,"INCENP"
"729","chr11",61957687,61961011,"SCGB1D1"
"730","chr11",61976144,61981415,"SCGB2A1"
"731","chr11",62009710,62012284,"SCGB1D2"
"732","chr11",62037629,62040632,"SCGB2A2"
"733","chr11",62063752,62066547,"SCGB1D4"
"734","chr11",62104919,62160884,"ASRGL1"
"735","chr11",62186504,62190667,"SCGB1A1"
"736","chr11",62201015,62314278,"AHNAK"
"737","chr11",62327067,62341363,"EEF1G"
"738","chr11",62334482,62334543,"MIR6747"
"739","chr11",62342523,62358995,"TUT1"
"740","chr11",62360685,62369337,"MTA2"
"741","chr11",62369689,62380247,"EML3"
"742","chr11",62380728,62382588,"ROM1"
"743","chr11",62382767,62389458,"B3GAT3"
"744","chr11",62392300,62414085,"GANAB"
"745","chr11",62414319,62420774,"INTS5"
"746","chr11",62430288,62432688,"C11orf98"
"747","chr11",62430288,62439739,"LBHD1"
"748","chr11",62432783,62435580,"CSKMT"
"749","chr11",62432893,62433042,"SNORA57"
"750","chr11",62439144,62441158,"UQCC3"
"751","chr11",62443971,62446545,"UBXN1"
"752","chr11",62453877,62457002,"LRRN4CL"
"753","chr11",62457733,62477009,"BSCL2"
"754","chr11",62457733,62494856,"HNRNPUL2-BSCL2"
"755","chr11",62475147,62476673,"GNG3"
"756","chr11",62480101,62494929,"HNRNPUL2"
"757","chr11",62495648,62506108,"TTC9C"
"758","chr11",62518434,62521632,"ZBTB3"
"759","chr11",62529051,62534182,"POLR2G"
"760","chr11",62538867,62554814,"TAF6L"
"761","chr11",62554873,62557872,"TMEM179B"
"762","chr11",62557286,62557357,"MIR6748"
"763","chr11",62557442,62559478,"TMEM223"
"764","chr11",62559601,62572912,"NXF1"
"765","chr11",62560173,62560243,"MIR6514"
"766","chr11",62574331,62599523,"STX5"
"767","chr11",62599705,62601515,"STX5-DT"
"768","chr11",62599792,62600313,"TEX54"
"769","chr11",62600376,62609281,"WDR74"
"770","chr11",62619449,62623357,"SNHG1"
"771","chr11",62620381,62620507,"SNORD22"
"772","chr11",62620797,62620865,"SNORD31"
"773","chr11",62621134,62621204,"SNORD30"
"774","chr11",62621375,62621440,"SNORD29"
"775","chr11",62622092,62622167,"SNORD28"
"776","chr11",62622483,62622555,"SNORD27"
"777","chr11",62622763,62622838,"SNORD26"
"778","chr11",62623036,62623103,"SNORD25"
"779","chr11",62623580,62656332,"SLC3A2"
"780","chr11",62676150,62688835,"CHRM1"
"781","chr11",62744068,62752439,"SLC22A6"
"782","chr11",62760295,62783313,"SLC22A8"
"783","chr11",62847411,62911693,"SLC22A24"
"784","chr11",62925908,63011071,"SLC22A25"
"785","chr11",63057374,63079255,"SLC22A10"
"786","chr11",63137256,63177766,"SLC22A9"
"787","chr11",63228875,63258639,"PLAAT5"
"788","chr11",63273555,63284244,"LGALS12"
"789","chr11",63304279,63313930,"PLAAT4"
"790","chr11",63320241,63330851,"PLAAT2"
"791","chr11",63341933,63381909,"PLAAT3"
"792","chr11",63391558,63439446,"ATL3"
"793","chr11",63448921,63527363,"RTN3"
"794","chr11",63527363,63536247,"ZFTA"
"795","chr11",63580927,63595188,"SPINDOC"
"796","chr11",63606581,63678492,"MARK2"
"797","chr11",63678701,63684636,"RCOR2"
"798","chr11",63706473,63724791,"NAA40"
"799","chr11",63742091,63744015,"COX8A"
"800","chr11",63753909,63765884,"OTUB1"
"801","chr11",63766029,63933585,"MACROD1"
"802","chr11",63803402,63886643,"FLRT1"
"803","chr11",63952743,63972015,"STIP1"
"804","chr11",63973391,63991363,"FERMT3"
"805","chr11",63991270,63993658,"TRPT1"
"806","chr11",63993745,63997488,"NUDT22"
"807","chr11",63997903,64001753,"DNAJC4"
"808","chr11",64002055,64006736,"VEGFB"
"809","chr11",64008566,64011604,"LOC114841035"
"810","chr11",64008566,64011607,"FKBP2"
"811","chr11",64011950,64014415,"PPP1R14B"
"812","chr11",64013337,64015686,"PPP1R14B-AS1"
"813","chr11",64019001,64036924,"PLCB3"
"814","chr11",64037299,64052176,"BAD"
"815","chr11",64038002,64056972,"GPR137"
"816","chr11",64058773,64067503,"KCNK4"
"817","chr11",64059193,64072241,"KCNK4-TEX40"
"818","chr11",64067829,64072242,"CATSPERZ"
"819","chr11",64072995,64084215,"ESRRA"
"820","chr11",64083931,64086068,"TRMT112"
"821","chr11",64085592,64089283,"PRDX5"
"822","chr11",64107675,64125006,"CCDC88B"
"823","chr11",64109320,64109376,"MIR7155"
"824","chr11",64126633,64139687,"RPS6KA4"
"825","chr11",64136073,64136175,"MIR1237"
"826","chr11",64216528,64219129,"LINC02724"
"827","chr11",64323412,64340347,"SLC22A11"
"828","chr11",64358691,64369816,"SLC22A12"
"829","chr11",64373645,64490669,"NRXN2"
"830","chr11",64494382,64512928,"RASGRP2"
"831","chr11",64513860,64528187,"PYGM"
"832","chr11",64532077,64546014,"SF1"
"833","chr11",64552389,64570686,"MAP4K2"
"834","chr11",64570987,64578766,"MEN1"
"835","chr11",64590523,64612125,"CDC42BPG"
"836","chr11",64619113,64647165,"EHD1"
"837","chr11",64645994,64646081,"MIR10392"
"838","chr11",64655929,64660921,"MIR194-2HG"
"839","chr11",64658608,64658718,"MIR192"
"840","chr11",64658826,64658911,"MIR194-2"
"841","chr11",64662017,64684681,"ATG2A"
"842","chr11",64665834,64665909,"MIR6750"
"843","chr11",64669858,64669927,"MIR6749"
"844","chr11",64692160,64701947,"PPP2R5B"
"845","chr11",64701942,64703365,"GPHA2"
"846","chr11",64705701,64739580,"MAJIN"
"847","chr11",64755416,64764443,"BATF2"
"848","chr11",64781631,64789656,"ARL2"
"849","chr11",64781631,64808044,"ARL2-SNX15"
"850","chr11",64785976,64786042,"MIR6879"
"851","chr11",64794910,64808044,"SNX15"
"852","chr11",64808404,64812300,"SAC3D1"
"853","chr11",64812289,64826025,"NAALADL1"
"854","chr11",64844924,64851512,"CDCA5"
"855","chr11",64851693,64855870,"ZFPL1"
"856","chr11",64855847,64856582,"TMEM262"
"857","chr11",64863685,64879334,"VPS51"
"858","chr11",64879343,64883702,"TM7SF2"
"859","chr11",64883874,64885173,"ZNHIT2"
"860","chr11",64888101,64889606,"FAU"
"861","chr11",64889654,64894843,"MRPL49"
"862","chr11",64894750,64901990,"SYVN1"
"863","chr11",64897387,64897450,"MIR6751"
"864","chr11",64937703,64940845,"SPDYC"
"865","chr11",64947341,64949305,"CAPN1-AS1"
"866","chr11",64948843,64979477,"CAPN1"
"867","chr11",64981310,65010228,"SLC22A20P"
"868","chr11",65029432,65066156,"POLA2"
"869","chr11",65082336,65089888,"CDC42EP2"
"870","chr11",65101322,65121733,"DPF2"
"871","chr11",65122221,65125084,"TIGD3"
"872","chr11",65142662,65151172,"SLC25A45"
"873","chr11",65154107,65180996,"FRMD8"
"874","chr11",65190268,65213011,"NEAT1"
"875","chr11",65211928,65212028,"MIR612"
"876","chr11",65222756,65234480,"LOC101927789"
"877","chr11",65265208,65273987,"MALAT1"
"878","chr11",65266782,65274903,"TALAM1"
"879","chr11",65273587,65273645,"MASCRNA"
"880","chr11",65292553,65306175,"SCYL1"
"881","chr11",65306029,65325830,"LTBP3"
"882","chr11",65336690,65337884,"ZNRD2-DT"
"883","chr11",65337947,65339359,"ZNRD2"
"884","chr11",65340008,65341661,"FAM89B"
"885","chr11",65343523,65360121,"EHBP1L1"
"886","chr11",65360306,65363271,"KCNK7"
"887","chr11",65365227,65381692,"MAP3K11"
"888","chr11",65383246,65404910,"PCNX3"
"889","chr11",65403780,65403840,"MIR4690"
"890","chr11",65405571,65418383,"SIPA1"
"891","chr11",65416662,65416724,"MIR4489"
"892","chr11",65421071,65430387,"RELA"
"893","chr11",65479722,65487075,"KAT5"
"894","chr11",65485143,65488269,"RNASEH2C"
"895","chr11",65541368,65548447,"AP5B1"
"896","chr11",65554533,65564685,"OVOL1"
"897","chr11",65556471,65558339,"OVOL1-AS1"
"898","chr11",65601433,65621172,"SNX32"
"899","chr11",65622143,65625651,"CFL1"
"900","chr11",65627903,65635124,"MUS81"
"901","chr11",65633911,65640271,"EFEMP2"
"902","chr11",65647307,65651212,"CTSW"
"903","chr11",65651210,65655942,"FIBP"
"904","chr11",65658143,65659106,"CCDC85B"
"905","chr11",65659519,65668016,"FOSL1"
"906","chr11",65684280,65686533,"C11orf68"
"907","chr11",65686896,65689034,"DRAP1"
"908","chr11",65712950,65727437,"TSGA10IP"
"909","chr11",65729204,65747608,"SART1"
"910","chr11",65764015,65769628,"EIF1AD"
"911","chr11",65769549,65771620,"BANF1"
"912","chr11",65779478,65780976,"CST6"
"913","chr11",65784222,65793950,"CATSPER1"
"914","chr11",65808235,65816632,"GAL3ST3"
"915","chr11",65819834,65836779,"SF3B2"
"916","chr11",65820614,65820699,"SNORD13F"
"917","chr11",65837742,66012215,"PACS1"
"918","chr11",66024758,66035331,"KLC2"
"919","chr11",66036109,66044963,"RAB1B"
"920","chr11",66045645,66051677,"CNIH2"
"921","chr11",66052050,66056614,"YIF1A"
"922","chr11",66059364,66064135,"TMEM151A"
"923","chr11",66081964,66084515,"CD248"
"924","chr11",66097711,66104245,"RIN1"
"925","chr11",66104809,66112575,"BRMS1"
"926","chr11",66112844,66115100,"B4GAT1"
"927","chr11",66115461,66131235,"B4GAT1-DT"
"928","chr11",66129991,66139917,"SLC29A2"
"929","chr11",66188474,66194178,"NPAS4"
"930","chr11",66202545,66206319,"MRPL11"
"931","chr11",66233797,66244808,"PELI3"
"932","chr11",66240960,66247720,"DPP3-DT"
"933","chr11",66247904,66277128,"DPP3"
"934","chr11",66278105,66301069,"BBS1"
"935","chr11",66288095,66313519,"ZDHHC24"
"936","chr11",66313865,66330805,"ACTN3"
"937","chr11",66330934,66336077,"CTSF"
"938","chr11",66357646,66360534,"CCDC87"
"939","chr11",66360655,66373490,"CCS"
"940","chr11",66384100,66397405,"RBM14"
"941","chr11",66384100,66413939,"RBM14-RBM4"
"942","chr11",66406173,66435851,"RBM4"
"943","chr11",66432468,66445358,"RBM4B"
"944","chr11",66449967,66496687,"SPTBN2"
"945","chr11",66512206,66610987,"C11orf80"
"946","chr11",66610911,66614023,"RCE1"
"947","chr11",66615890,66725854,"PC"
"948","chr11",66624534,66627946,"LRFN4"
"949","chr11",66701904,66701977,"MIR3163"
"950","chr11",66742774,66744480,"C11orf86"
"951","chr11",66790263,66818334,"SYT12"
"952","chr11",66813113,66813179,"MIR6860"
"953","chr11",66824317,66839488,"RHOD"
"954","chr11",66879762,66885819,"LOC107984341"
"955","chr11",66886733,67025553,"KDM2A"
"956","chr11",67033943,67054027,"GRK2"
"957","chr11",67056773,67069955,"ANKRD13D"
"958","chr11",67071000,67080063,"SSH3"
"959","chr11",67085309,67159158,"LOC100130987"
"960","chr11",67118235,67121067,"POLD4"
"961","chr11",67131638,67141648,"CLCF1"
"962","chr11",67159456,67165883,"RAD9A"
"963","chr11",67165653,67169329,"PPP1CA"
"964","chr11",67171383,67177561,"TBC1D10C"
"965","chr11",67183148,67193075,"CARNS1"
"966","chr11",67195964,67202872,"RPS6KB2"
"967","chr11",67202980,67205153,"PTPRCAP"
"968","chr11",67202980,67211280,"CORO1B"
"969","chr11",67218771,67220200,"GPR152"
"970","chr11",67219873,67229223,"CABP4"
"971","chr11",67229180,67236722,"TMEM134"
"972","chr11",67250496,67258574,"AIP"
"973","chr11",67257715,67257786,"MIR6752"
"974","chr11",67259238,67272834,"PITPNM1"
"975","chr11",67273967,67275633,"CDK2AP2"
"976","chr11",67286382,67290917,"CABP2"
"977","chr11",67351282,67354124,"GSTP1"
"978","chr11",67370350,67374177,"NDUFV1-DT"
"979","chr11",67374406,67380025,"NDUFV1"
"980","chr11",67380994,67383135,"DOC2GP"
"981","chr11",67395408,67397408,"NUDT8"
"982","chr11",67398773,67407234,"TBX10"
"983","chr11",67410025,67418201,"ACY3"
"984","chr11",67429625,67448723,"ALDH3B2"
"985","chr11",67559237,67572807,"FAM86C2P"
"986","chr11",67758570,67771567,"UNC93B1"
"987","chr11",67776016,67796743,"ALDH3B1"
"988","chr11",67798147,67804111,"NDUFS8"
"989","chr11",67800330,67800389,"MIR7113"
"990","chr11",67801363,67801448,"MIR4691"
"991","chr11",67806491,67818362,"TCIRG1"
"992","chr11",67812260,67812424,"MIR6753"
"993","chr11",67820325,67888855,"CHKA"
"994","chr11",67922329,67981115,"KMT5B"
"995","chr11",68028805,68039441,"C11orf24"
"996","chr11",68080058,68216743,"LRP5"
"997","chr11",68228219,68382802,"PPP6R3"
"998","chr11",68452011,68458643,"GAL"
"999","chr11",68474907,68518988,"TESMIN"
"1000","chr11",68522087,68609384,"CPT1A"
"1001","chr11",68658745,68671300,"MRPL21"
"1002","chr11",68671358,68708069,"IGHMBP2"
"1003","chr11",68747489,68748455,"MRGPRD"
"1004","chr11",68771865,68780714,"MRGPRF"
"1005","chr11",68779821,68785915,"MRGPRF-AS1"
"1006","chr11",68816399,68858065,"TPCN2"
"1007","chr11",68850643,68850726,"MIR3164"
"1008","chr11",68914695,68939030,"LOC338694"
"1009","chr11",68923040,68929908,"SMIM38"
"1010","chr11",69061621,69064754,"MYEOV"
"1011","chr11",69240422,69244392,"LINC02953"
"1012","chr11",69300328,69308311,"LINC01488"
"1013","chr11",69455923,69469242,"CCND1"
"1014","chr11",69480330,69490121,"LTO1"
"1015","chr11",69513005,69518790,"FGF19"
"1016","chr11",69585789,69590109,"FGF4"
"1017","chr11",69624735,69634184,"FGF3"
"1018","chr11",69832012,70035636,"ANO1"
"1019","chr11",69902335,69911477,"LINC02753"
"1020","chr11",69918539,69921454,"LINC02584"
"1021","chr11",70049401,70053496,"FADD"
"1022","chr11",70116795,70230502,"PPFIA1"
"1023","chr11",70130060,70130176,"MIR548K"
"1024","chr11",70244634,70282681,"CTTN"
"1025","chr11",70313958,70963623,"SHANK2"
"1026","chr11",70472668,70481595,"SHANK2-AS1"
"1027","chr11",70708894,70711220,"SHANK2-AS3"
"1028","chr11",70718374,70718473,"MIR3664"
"1029","chr11",71116791,71134400,"ACTE1P"
"1030","chr11",71145456,71159439,"DHCR7"
"1031","chr11",71164248,71212862,"NADSYN1"
"1032","chr11",71184548,71184614,"MIR6754"
"1033","chr11",71238312,71239715,"KRTAP5-7"
"1034","chr11",71249070,71250255,"KRTAP5-8"
"1035","chr11",71259465,71260654,"KRTAP5-9"
"1036","chr11",71276608,71277781,"KRTAP5-10"
"1037","chr11",71292900,71293921,"KRTAP5-11"
"1038","chr11",71505408,71524905,"ALG1L9P"
"1039","chr11",71516026,71639640,"XNDC1N-ZNF705EP-ALG1L9P"
"1040","chr11",71525084,71532594,"ZNF705EP"
"1041","chr11",71544245,71548756,"DEFB108B"
"1042","chr11",71576554,71639640,"XNDC1N"
"1043","chr11",71589498,71595607,"DEFB131B"
"1044","chr11",71640091,71708643,"RNF121"
"1045","chr11",71709954,71713965,"IL18BP"
"1046","chr11",71713909,71791588,"NUMA1"
"1047","chr11",71725336,71731956,"LOC100128494"
"1048","chr11",71783273,71783348,"MIR3165"
"1049","chr11",71791895,71807941,"LRRC51"
"1050","chr11",71791895,71821828,"LRTOMT"
"1051","chr11",71808337,71814343,"LAMTOR1"
"1052","chr11",71816969,71820642,"TOMT"
"1053","chr11",71817417,71823826,"ANAPC15"
"1054","chr11",71846770,71850936,"FOLR3"
"1055","chr11",71900752,71907367,"FOLR1"
"1056","chr11",71927837,71932994,"FOLR2"
"1057","chr11",71935810,71950191,"INPPL1"
"1058","chr11",71950120,71955220,"PHOX2A"
"1059","chr11",71996538,72145575,"CLPB"
"1060","chr11",72281699,72284266,"LINC01537"
"1061","chr11",72287184,72385466,"PDE2A"
"1062","chr11",72326106,72326174,"MIR139"
"1063","chr11",72396113,72463453,"ARAP1"
"1064","chr11",72411518,72416652,"ARAP1-AS2"
"1065","chr11",72465773,72505092,"STARD10"
"1066","chr11",72494574,72494637,"MIR4692"
"1067","chr11",72525455,72540680,"ATG16L2"
"1068","chr11",72547789,72853363,"FCHSD2"
"1069","chr11",72929325,72953472,"P2RY2"
"1070","chr11",72975550,73009670,"P2RY6"
"1071","chr11",73018555,73020406,"ARHGEF17-AS1"
"1072","chr11",73019320,73080433,"ARHGEF17"
"1073","chr11",73087443,73108519,"RELT"
"1074","chr11",73111531,73309157,"FAM168A"
"1075","chr11",73357625,73373864,"PLEKHB1"
"1076","chr11",73386682,73472119,"RAB6A"
"1077","chr11",73498918,73576178,"MRPL48"
"1078","chr11",73583711,73587891,"COA4"
"1079","chr11",73587743,73642159,"PAAF1"
"1080","chr11",73662070,73681326,"DNAJB13"
"1081","chr11",73685716,73694247,"UCP2"
"1082","chr11",73711321,73720130,"UCP3"
"1083","chr11",73723762,73882047,"C2CD3"
"1084","chr11",73882333,73965748,"PPME1"
"1085","chr11",73977701,74022685,"P4HA3"
"1086","chr11",74022406,74035750,"P4HA3-AS1"
"1087","chr11",74041360,74109478,"PGM2L1"
"1088","chr11",74110281,74110378,"MIR548AL"
"1089","chr11",74165885,74178594,"KCNE3"
"1090","chr11",74201563,74204769,"LIPT2"
"1091","chr11",74204424,74209578,"LIPT2-AS1"
"1092","chr11",74303626,74354121,"POLD3"
"1093","chr11",74407473,74442471,"CHRDL2"
"1094","chr11",74431312,74431382,"MIR4696"
"1095","chr11",74459893,74553458,"RNF169"
"1096","chr11",74551954,74660136,"XRRA1"
"1097","chr11",74660310,74690078,"SPCS2"
"1098","chr11",74699688,74721952,"NEU3"
"1099","chr11",74799736,74807935,"OR2AT4"
"1100","chr11",74862151,74917594,"SLCO2B1"
"1101","chr11",74951818,74954749,"TPBGL"
"1102","chr11",74971165,75062705,"ARRB1"
"1103","chr11",75046135,75046230,"MIR326"
"1104","chr11",75110561,75133346,"RPS3"
"1105","chr11",75111434,75111582,"SNORD15A"
"1106","chr11",75115464,75115610,"SNORD15B"
"1107","chr11",75133437,75144248,"KLHL35"
"1108","chr11",75145684,75236986,"GDPD5"
"1109","chr11",75273297,75283828,"SERPINH1"
"1110","chr11",75294240,75305710,"LOC105369391"
"1111","chr11",75297962,75380083,"MAP6"
"1112","chr11",75428882,75443998,"MOGAT2"
"1113","chr11",75469499,75479692,"DGAT2-DT"
"1114","chr11",75479822,75512579,"DGAT2"
"1115","chr11",75524558,75525842,"UVRAG-DT"
"1116","chr11",75526254,75855276,"UVRAG"
"1117","chr11",75897368,75917546,"WNT11"
"1118","chr11",76060999,76092176,"THAP12"
"1119","chr11",76092366,76125678,"GVQW3"
"1120","chr11",76156061,76264075,"EMSY"
"1121","chr11",76368567,76381791,"LRRC32"
"1122","chr11",76391209,76432833,"GUCY2EP"
"1123","chr11",76493323,76509188,"TSKU"
"1124","chr11",76493624,76494106,"TSKU-AS1"
"1125","chr11",76571961,76737841,"ACER3"
"1126","chr11",76745441,76753020,"B3GNT6"
"1127","chr11",76778017,76837201,"CAPN5"
"1128","chr11",76813885,76814377,"OMP"
"1129","chr11",76839291,76926286,"MYO7A"
"1130","chr11",76927602,77012731,"GDPD4"
"1131","chr11",77033061,77185139,"PAK1"
"1132","chr11",77282133,77286707,"LINC03030"
"1133","chr11",77300997,77321401,"AQP11"
"1134","chr11",77325574,77348839,"CLNS1A"
"1135","chr11",77371053,77531768,"RSF1"
"1136","chr11",77449213,77450754,"RSF1-IT1"
"1137","chr11",77532189,77617070,"AAMDC"
"1138","chr11",77589765,77705714,"INTS4"
"1139","chr11",77726760,77757237,"KCTD14"
"1140","chr11",77726760,77790908,"NDUFC2-KCTD14"
"1141","chr11",77774906,77779397,"THRSP"
"1142","chr11",77779342,77790908,"NDUFC2"
"1143","chr11",77811991,77850672,"ALG8"
"1144","chr11",77850838,77885023,"KCTD21-AS1"
"1145","chr11",77882294,77899672,"KCTD21"
"1146","chr11",77899964,77926278,"USP35"
"1147","chr11",77926338,78128866,"GAB2"
"1148","chr11",78135027,78140882,"LINC02728"
"1149","chr11",78147013,78285909,"NARS2"
"1150","chr11",78244221,78269611,"LOC101928896"
"1151","chr11",78363873,79152074,"TENM4"
"1152","chr11",79113065,79113153,"MIR708"
"1153","chr11",79133212,79133270,"MIR5579"
"1154","chr11",80462242,80473846,"LINC02720"
"1155","chr11",81590892,82114955,"MIR4300HG"
"1156","chr11",81601782,81601878,"MIR4300"
"1157","chr11",82440981,82444906,"FAM181B"
"1158","chr11",82533977,82612686,"PRCP"
"1159","chr11",82612777,82645701,"DDIAS"
"1160","chr11",82684174,82782939,"RAB30"
"1161","chr11",82752505,82752640,"SNORA70E"
"1162","chr11",82783107,82784754,"RAB30-DT"
"1163","chr11",82868172,82898493,"PCF11"
"1164","chr11",82895532,82904711,"ANKRD42-DT"
"1165","chr11",82896562,82898526,"PCF11-AS1"
"1166","chr11",82904753,82967141,"ANKRD42"
"1167","chr11",82970122,82997410,"CCDC90B"
"1168","chr11",83166054,85339417,"DLG2"
"1169","chr11",85339616,85347584,"TMEM126B"
"1170","chr11",85359010,85367586,"TMEM126A"
"1171","chr11",85369033,85393906,"CREBZF"
"1172","chr11",85394890,85397238,"CCDC89"
"1173","chr11",85405271,85565913,"SYTL2"
"1174","chr11",85566425,85631056,"CCDC83"
"1175","chr11",85668217,85780902,"PICALM"
"1176","chr11",85955794,85989852,"EED"
"1177","chr11",85989374,85989440,"MIR6755"
"1178","chr11",86013281,86056985,"HIKESHI"
"1179","chr11",86085928,86134148,"CCDC81"
"1180","chr11",86145971,86383658,"ME3"
"1181","chr11",86502112,86663952,"PRSS23"
"1182","chr11",86567972,86568996,"OR7E2P"
"1183","chr11",86656720,86666437,"FZD4"
"1184","chr11",86666662,86711992,"FZD4-DT"
"1185","chr11",86748975,87039866,"TMEM135"
"1186","chr11",87429245,87430303,"LINC02711"
"1187","chr11",87846418,87908611,"RAB38"
"1188","chr11",87909669,87909761,"MIR3166"
"1189","chr11",88026759,88070904,"CTSC"
"1190","chr11",88237743,88257222,"GRM5-AS1"
"1191","chr11",88237809,88799150,"GRM5"
"1192","chr11",88911042,89028927,"TYR"
"1193","chr11",89057520,89322725,"NOX4"
"1194","chr11",89370636,89431886,"FOLH1B"
"1195","chr11",89443466,89451040,"TRIM77"
"1196","chr11",89530822,89541743,"TRIM49"
"1197","chr11",89553492,89559667,"LOC642414"
"1198","chr11",89603605,89611655,"TRIM64B"
"1199","chr11",89644576,89655413,"TRIM49D1"
"1200","chr11",89657231,89666231,"TRIM49D2"
"1201","chr11",89699204,89707240,"TRIM64"
"1202","chr11",89714612,89724838,"TRIM51EP"
"1203","chr11",89726708,89735676,"TRIM53AP"
"1204","chr11",89764273,89775193,"TRIM49C"
"1205","chr11",89819117,89820299,"UBTFL1"
"1206","chr11",89867830,89926062,"NAALAD2"
"1207","chr11",89933596,89956217,"CHORDC1"
"1208","chr11",89984399,90648220,"DISC1FP1"
"1209","chr11",90288941,90289025,"MIR4490"
"1210","chr11",90602288,90602370,"MIR1261"
"1211","chr11",91957983,92629639,"FAT3"
"1212","chr11",92646403,92648794,"LINC02746"
"1213","chr11",92702816,92715948,"MTNR1B"
"1214","chr11",92877339,92931157,"SLC36A4"
"1215","chr11",93063907,93171636,"DEUP1"
"1216","chr11",93211637,93276557,"SMCO4"
"1217","chr11",93394847,93463524,"CEP295"
"1218","chr11",93454679,93455032,"SCARNA9"
"1219","chr11",93463359,93474661,"TAF1D"
"1220","chr11",93463678,93463812,"SNORA25"
"1221","chr11",93464144,93464265,"SNORA32"
"1222","chr11",93464668,93464739,"SNORD6"
"1223","chr11",93465169,93465299,"SNORA1"
"1224","chr11",93465526,93465665,"SNORA8"
"1225","chr11",93466393,93466466,"SNORD5"
"1226","chr11",93466631,93466763,"SNORA18"
"1227","chr11",93466839,93466930,"MIR1304"
"1228","chr11",93468275,93468402,"SNORA40"
"1229","chr11",93474837,93497915,"C11orf54"
"1230","chr11",93517447,93548129,"MED17"
"1231","chr11",93551397,93583784,"VSTM5"
"1232","chr11",93754519,93847374,"HEPHL1"
"1233","chr11",93862006,93915134,"PANX1"
"1234","chr11",94037745,94041312,"IZUMO1R"
"1235","chr11",94110481,94134585,"GPR83"
"1236","chr11",94148735,94227010,"MRE11"
"1237","chr11",94199660,94199746,"MIR548L"
"1238","chr11",94227149,94232744,"ANKRD49"
"1239","chr11",94245626,94265289,"C11orf97"
"1240","chr11",94277086,94283061,"FUT4"
"1241","chr11",94278497,94473521,"PIWIL4-AS1"
"1242","chr11",94300533,94354587,"PIWIL4"
"1243","chr11",94501521,94609913,"AMOTL1"
"1244","chr11",94695784,94706720,"CWC15"
"1245","chr11",94706872,94732683,"KDM4D"
"1246","chr11",94758421,94760760,"KDM4E"
"1247","chr11",94800040,94804388,"SRSF8"
"1248","chr11",94823009,94865809,"ENDOD1"
"1249","chr11",94883702,94892312,"LNCRNA-IUR"
"1250","chr11",94898676,94965639,"SESN3"
"1251","chr11",94963349,94967568,"LOC100129203"
"1252","chr11",95502116,95522946,"FAM76B"
"1253","chr11",95523661,95565857,"CEP57"
"1254","chr11",95566043,95657271,"MTMR2"
"1255","chr11",95709761,96076359,"MAML2"
"1256","chr11",96074601,96074690,"MIR1260B"
"1257","chr11",96085936,96123076,"CCDC82"
"1258","chr11",96123176,96126725,"JRKL"
"1259","chr11",96176444,96240040,"JRKL-AS1"
"1260","chr11",96241588,96247914,"LINC02737"
"1261","chr11",98891678,100229616,"CNTN5"
"1262","chr11",100554891,100558686,"ARHGAP42-AS1"
"1263","chr11",100558018,100864672,"ARHGAP42"
"1264","chr11",100805004,100805109,"SNORD13I"
"1265","chr11",100900354,101000544,"PGR"
"1266","chr11",100999807,101030001,"PGR-AS1"
"1267","chr11",101322294,101454738,"TRPC6"
"1268","chr11",101390550,101390636,"MIR3920"
"1269","chr11",101761404,101787253,"ANGPTL5"
"1270","chr11",101785740,101871793,"CEP126"
"1271","chr11",101918167,101955285,"CFAP300"
"1272","chr11",101981177,102104155,"YAP1"
"1273","chr11",102188214,102210134,"BIRC3"
"1274","chr11",102217944,102249401,"BIRC2"
"1275","chr11",102267062,102323496,"TMEM123"
"1276","chr11",102323649,102332769,"TMEM123-DT"
"1277","chr11",102337985,102369532,"LOC102723838"
"1278","chr11",102391238,102401478,"MMP7"
"1279","chr11",102447562,102496063,"MMP20"
"1280","chr11",102562217,102576500,"MMP27"
"1281","chr11",102582526,102595685,"MMP8"
"1282","chr11",102641232,102651359,"MMP10"
"1283","chr11",102654406,102707497,"WTAPP1"
"1284","chr11",102660649,102668891,"MMP1"
"1285","chr11",102706531,102714340,"MMP3"
"1286","chr11",102733466,102745712,"MMP12"
"1287","chr11",102813723,102826461,"MMP13"
"1288","chr11",102921414,102962889,"DCUN1D5"
"1289","chr11",102980154,103350591,"DYNC2H1"
"1290","chr11",103720633,103720708,"MIR4693"
"1291","chr11",103777916,104034875,"PDGFD"
"1292","chr11",103907367,103909924,"DDI1"
"1293","chr11",104439216,104480030,"LINC02552"
"1294","chr11",104756444,104769187,"CASP12"
"1295","chr11",104772275,104788902,"CASP4LP"
"1296","chr11",104813592,104839301,"CASP4"
"1297","chr11",104864969,104893895,"CASP5"
"1298","chr11",104896169,104905871,"CASP1"
"1299","chr11",104912289,104916062,"CARD16"
"1300","chr11",104933328,104942257,"CASP1P2"
"1301","chr11",104951179,104972186,"CARD17"
"1302","chr11",105008440,105010496,"CARD18"
"1303","chr11",105480799,105852817,"GRIA4"
"1304","chr11",105878625,105893014,"MSANTD4"
"1305","chr11",105921824,105948074,"KBTBD3"
"1306","chr11",105948388,105969422,"AASDHPPT"
"1307","chr11",105983185,106002843,"LINC02719"
"1308","chr11",106120745,106135632,"LOC101928535"
"1309","chr11",106544744,106889202,"GUCY1A2"
"1310","chr11",107197085,107328551,"CWF19L2"
"1311","chr11",107373452,107436461,"ALKBH8"
"1312","chr11",107461872,107537505,"ELMOD1"
"1313","chr11",107578103,107582782,"SLN"
"1314","chr11",107661716,107729513,"SLC35F2"
"1315","chr11",107799173,107834208,"RAB39A"
"1316","chr11",107879623,107978488,"CUL5"
"1317","chr11",107987431,108018330,"ACAT1"
"1318","chr11",108027941,108093365,"NPAT"
"1319","chr11",108093793,108239829,"ATM"
"1320","chr11",108179245,108338256,"C11orf65"
"1321","chr11",108342842,108369111,"POGLUT3"
"1322","chr11",108376161,108464495,"EXPH5"
"1323","chr11",108535795,108811654,"DDX10"
"1324","chr11",109292915,109299893,"C11orf87"
"1325","chr11",109964117,110042566,"ZC3H12C"
"1326","chr11",110045646,110167339,"RDX"
"1327","chr11",110225838,110277632,"LINC02732"
"1328","chr11",110300671,110335608,"FDX1"
"1329","chr11",110447766,110583912,"ARHGAP20"
"1330","chr11",110962655,110968042,"LINC02550"
"1331","chr11",111116449,111157126,"C11orf53"
"1332","chr11",111164113,111175773,"COLCA1"
"1333","chr11",111169270,111179460,"COLCA2"
"1334","chr11",111218481,111218549,"MIR4491"
"1335","chr11",111222979,111250000,"POU2AF1"
"1336","chr11",111284966,111288911,"LOC100132078"
"1337","chr11",111338250,111385450,"BTG4"
"1338","chr11",111381326,111384613,"MIR34BHG"
"1339","chr11",111383662,111383746,"MIR34B"
"1340","chr11",111384163,111384240,"MIR34C"
"1341","chr11",111385502,111407768,"HOATZ"
"1342","chr11",111411004,111432470,"LAYN"
"1343","chr11",111473172,111601579,"SIK2"
"1344","chr11",111597636,111637113,"PPP2R1B"
"1345","chr11",111652918,111742305,"ALG9"
"1346","chr11",111744779,111749889,"FDXACB1"
"1347","chr11",111750264,111756699,"C11orf1"
"1348","chr11",111779287,111794464,"CRYAB"
"1349","chr11",111783457,111784817,"HSPB2"
"1350","chr11",111783459,111797595,"HSPB2-C11orf52"
"1351","chr11",111789636,111797595,"C11orf52"
"1352","chr11",111798038,111893377,"DIXDC1"
"1353","chr11",111896131,111935128,"DLAT"
"1354","chr11",111934746,111944741,"PIH1D2"
"1355","chr11",111945022,111955874,"NKAPD1"
"1356","chr11",111955523,111957480,"TIMM8B"
"1357","chr11",111957596,111966518,"SDHD"
"1358","chr11",112013982,112034817,"IL18"
"1359","chr11",112038094,112043279,"TEX12"
"1360","chr11",112046234,112089669,"BCO2"
"1361","chr11",112097150,112104696,"PTS"
"1362","chr11",112118875,112131583,"PLET1"
"1363","chr11",112130987,112132119,"LOC100132686"
"1364","chr11",112141471,112233257,"LINC02762"
"1365","chr11",112352954,112412639,"LINC02763"
"1366","chr11",112404942,112426525,"LINC02764"
"1367","chr11",112830001,112834182,"LOC101928847"
"1368","chr11",112832141,113149158,"NCAM1"
"1369","chr11",113140253,113144623,"NCAM1-AS1"
"1370","chr11",113185304,113244019,"TTC12"
"1371","chr11",113258500,113271138,"ANKK1"
"1372","chr11",113280326,113346120,"DRD2"
"1373","chr11",113320744,113320810,"MIR4301"
"1374","chr11",113558271,113577030,"TMPRSS5"
"1375","chr11",113603908,113644414,"ZW10"
"1376","chr11",113650517,113651207,"CLDN25"
"1377","chr11",113668596,113746294,"USP28"
"1378","chr11",113775517,113819801,"HTR3B"
"1379","chr11",113845829,113861035,"HTR3A"
"1380","chr11",113930432,114127492,"ZBTB16"
"1381","chr11",114128527,114184258,"NNMT"
"1382","chr11",114231356,114250761,"LOC101928940"
"1383","chr11",114262164,114271233,"C11orf71"
"1384","chr11",114271387,114281329,"RBM7"
"1385","chr11",114310188,114321001,"REXO2"
"1386","chr11",114389655,114430603,"NXPE1"
"1387","chr11",114441312,114466508,"NXPE4"
"1388","chr11",114549248,114577791,"NXPE2"
"1389","chr11",115039955,115375133,"CADM1"
"1390","chr11",115204295,115211158,"LOC105369509"
"1391","chr11",115267473,115268376,"CADM1-AS1"
"1392","chr11",115602662,115605480,"LOC101928985"
"1393","chr11",115626048,115630918,"LINC00900"
"1394","chr11",116367615,116371400,"LINC02151"
"1395","chr11",116510138,116528969,"LINC02702"
"1396","chr11",116618888,116643703,"BUD13"
"1397","chr11",116644514,116658739,"ZPR1"
"1398","chr11",116660082,116663136,"APOA5"
"1399","chr11",116691415,116694020,"APOA4"
"1400","chr11",116700622,116703788,"APOC3"
"1401","chr11",116706466,116708666,"APOA1"
"1402","chr11",116706832,116726445,"APOA1-AS"
"1403","chr11",116714117,116969144,"SIK3"
"1404","chr11",117015002,117048889,"PAFAH1B2"
"1405","chr11",117049458,117068158,"SIDT2"
"1406","chr11",117066328,117072630,"LOC100652768"
"1407","chr11",117070009,117078181,"TAGLN"
"1408","chr11",117075052,117102789,"PCSK7"
"1409","chr11",117103386,117157170,"RNF214"
"1410","chr11",117156413,117186972,"BACE1"
"1411","chr11",117162061,117162886,"BACE1-AS"
"1412","chr11",117192493,117283982,"CEP164"
"1413","chr11",117298487,117688229,"DSCAML1"
"1414","chr11",117690771,117747373,"FXYD6-FXYD2"
"1415","chr11",117690771,117698804,"FXYD2"
"1416","chr11",117707695,117748145,"FXYD6"
"1417","chr11",117771355,117800117,"TMPRSS13"
"1418","chr11",117857108,117873752,"IL10RA"
"1419","chr11",117874348,117957678,"SMIM35"
"1420","chr11",117947792,117992605,"TMPRSS4"
"1421","chr11",118004091,118023538,"SCN4B"
"1422","chr11",118033520,118047354,"SCN2B"
"1423","chr11",118064439,118095726,"JAML"
"1424","chr11",118097404,118123080,"MPZL3"
"1425","chr11",118124130,118135012,"MPZL2"
"1426","chr11",118175444,118186888,"CD3E"
"1427","chr11",118209668,118213420,"CD3D"
"1428","chr11",118215058,118225876,"CD3G"
"1429","chr11",118230314,118269926,"UBE4A"
"1430","chr11",118251934,118289530,"LOC100131626"
"1431","chr11",118272320,118280562,"ATP5MG"
"1432","chr11",118307206,118397547,"KMT2A"
"1433","chr11",118382632,118401809,"TTC36-AS1"
"1434","chr11",118398188,118401708,"TTC36"
"1435","chr11",118401906,118418001,"TMEM25"
"1436","chr11",118415257,118436646,"IFT46"
"1437","chr11",118443123,118473748,"ARCN1"
"1438","chr11",118477150,118528738,"PHLDB1"
"1439","chr11",118514717,118514797,"MIR6716"
"1440","chr11",118528025,118550359,"TREH"
"1441","chr11",118618471,118661873,"DDX6"
"1442","chr11",118754600,118768496,"CXCR5"
"1443","chr11",118766844,118796635,"BCL9L"
"1444","chr11",118781416,118781496,"MIR4492"
"1445","chr11",118827007,118829269,"UPK2"
"1446","chr11",118842470,118851997,"FOXR1"
"1447","chr11",118868847,118886503,"CENATAC"
"1448","chr11",118873662,118874303,"RPL23AP64"
"1449","chr11",118886426,118889053,"RPS25"
"1450","chr11",118889475,118894844,"TRAPPC4"
"1451","chr11",118894821,118901587,"SLC37A4"
"1452","chr11",118914898,118927916,"HYOU1"
"1453","chr11",118938528,118952682,"VPS11"
"1454","chr11",118955590,118964259,"HMBS"
"1455","chr11",118964583,118966175,"H2AX"
"1456","chr11",118967219,118972563,"DPAGT1"
"1457","chr11",118977459,118989254,"C2CD2L"
"1458","chr11",118992289,119006769,"HINFP"
"1459","chr11",119019761,119033375,"ABCG4"
"1460","chr11",119039042,119054725,"NLRX1"
"1461","chr11",119056183,119060922,"PDZD3"
"1462","chr11",119060962,119066551,"CCDC153"
"1463","chr11",119061275,119061350,"SNORD150"
"1464","chr11",119077048,119178859,"CBL"
"1465","chr11",119179238,119187840,"MCAM"
"1466","chr11",119183659,119183722,"MIR6756"
"1467","chr11",119205236,119208019,"RNF26"
"1468","chr11",119209651,119217415,"MFRP"
"1469","chr11",119209651,119217415,"C1QTNF5"
"1470","chr11",119225924,119252400,"USP2"
"1471","chr11",119252487,119369944,"USP2-AS1"
"1472","chr11",119286185,119295695,"THY1"
"1473","chr11",119508807,119599910,"NECTIN1"
"1474","chr11",119600292,119610333,"NECTIN1-DT"
"1475","chr11",119981993,120008821,"TRIM29"
"1476","chr11",120039684,120042389,"LOC107984399"
"1477","chr11",120081739,120101043,"OAF"
"1478","chr11",120107346,120190654,"POU2F3"
"1479","chr11",120120467,120136641,"LOC649133"
"1480","chr11",120196007,120204395,"TLCD5"
"1481","chr11",120207121,120360646,"ARHGEF12"
"1482","chr11",120382456,120859615,"GRIK4"
"1483","chr11",120682053,120689824,"LOC105369532"
"1484","chr11",120738641,120765506,"LOC101929227"
"1485","chr11",120811262,120828748,"LOC101929208"
"1486","chr11",120894810,121062199,"TBCEL-TECTA"
"1487","chr11",120894810,120961485,"TBCEL"
"1488","chr11",120971951,121062199,"TECTA"
"1489","chr11",121163479,121184119,"SC5D"
"1490","chr11",121323022,121504472,"SORL1"
"1491","chr11",121343855,121351370,"LOC105369535"
"1492","chr11",121899036,122293579,"MIR100HG"
"1493","chr11",121970464,121970552,"MIR125B1"
"1494","chr11",121986047,121986923,"BLID"
"1495","chr11",122017229,122017301,"MIRLET7A2"
"1496","chr11",122022810,122022864,"MIR10526"
"1497","chr11",122022936,122023016,"MIR100"
"1498","chr11",122526429,122685181,"UBASH3B"
"1499","chr11",122709207,122743351,"CRTAM"
"1500","chr11",122753466,122834570,"JHY"
"1501","chr11",122848277,122852542,"BSX"
"1502","chr11",122888273,122890319,"LOC341056"
"1503","chr11",122928196,122932844,"HSPA8"
"1504","chr11",122928784,122928864,"SNORD14E"
"1505","chr11",122929616,122929703,"SNORD14D"
"1506","chr11",122930042,122930130,"SNORD14C"
"1507","chr11",122940579,123065956,"CLMP"
"1508","chr11",123229129,123498475,"GRAMD1B"
"1509","chr11",123252147,123252220,"MIR4493"
"1510","chr11",123499895,123525332,"SCN3B"
"1511","chr11",123594621,123612368,"ZNF202"
"1512","chr11",123624287,123625226,"OR6X1"
"1513","chr11",123676115,123677057,"OR6M1"
"1514","chr11",123753626,123756377,"TMEM225"
"1515","chr11",123772873,123779936,"OR8D4"
"1516","chr11",123810323,123811280,"OR4D5"
"1517","chr11",123813573,123814545,"OR6T1"
"1518","chr11",123847367,123848488,"OR10S1"
"1519","chr11",123864869,123865868,"OR10G6"
"1520","chr11",123883703,123889439,"OR10G4"
"1521","chr11",123893719,123894655,"OR10G9"
"1522","chr11",123897504,123901341,"OR10G8"
"1523","chr11",123906719,123912032,"OR10G7"
"1524","chr11",123986156,124018428,"VWA5A"
"1525","chr11",124054051,124059487,"OR10D3"
"1526","chr11",124082413,124086535,"OR8G3P"
"1527","chr11",124095436,124096312,"OR8G2P"
"1528","chr11",124120422,124121287,"OR8G1"
"1529","chr11",124126271,124136120,"OR8G5"
"1530","chr11",124172726,124183845,"OR8D1"
"1531","chr11",124189157,124190093,"OR8D2"
"1532","chr11",124252289,124254395,"OR8B2"
"1533","chr11",124265429,124268920,"OR8B3"
"1534","chr11",124293837,124294767,"OR8B4"
"1535","chr11",124307340,124315592,"OR8B8"
"1536","chr11",124412617,124413550,"OR8B12"
"1537","chr11",124439892,124441270,"OR8A1"
"1538","chr11",124481323,124490252,"PANX3"
"1539","chr11",124492759,124505822,"TBRG1"
"1540","chr11",124503008,124546199,"SIAE"
"1541","chr11",124543799,124567414,"SPA17"
"1542","chr11",124609837,124617106,"NRGN"
"1543","chr11",124617369,124622151,"VSIG2"
"1544","chr11",124623021,124632186,"ESAM"
"1545","chr11",124629029,124635821,"ESAM-AS1"
"1546","chr11",124636393,124670302,"MSANTD2"
"1547","chr11",124670323,124704383,"MSANTD2-AS1"
"1548","chr11",124735327,124751367,"ROBO3"
"1549","chr11",124753586,124767761,"ROBO4"
"1550","chr11",124789100,124805943,"HEPACAM"
"1551","chr11",124789170,124790456,"HEPN1"
"1552","chr11",124824097,124911385,"CCDC15"
"1553","chr11",124933200,124960412,"SLC37A2"
"1554","chr11",124964284,124981522,"TMEM218"
"1555","chr11",125028356,125034505,"PKNOX2-DT"
"1556","chr11",125034646,125303285,"PKNOX2"
"1557","chr11",125312776,125366161,"FEZ1"
"1558","chr11",125365109,125369422,"LOC403312"
"1559","chr11",125438003,125462463,"STT3A-AS1"
"1560","chr11",125439372,125454579,"EI24"
"1561","chr11",125462746,125492986,"STT3A"
"1562","chr11",125495030,125546150,"CHEK1"
"1563","chr11",125495031,125495789,"LOC118567325"
"1564","chr11",125541416,125550742,"ACRV1"
"1565","chr11",125616173,125619762,"PATE1"
"1566","chr11",125646007,125648723,"PATE2"
"1567","chr11",125658021,125661495,"PATE3"
"1568","chr11",125703210,125709967,"PATE4"
"1569","chr11",125753508,125770541,"HYLS1"
"1570","chr11",125763379,125773101,"PUS3"
"1571","chr11",125773222,125798738,"DDX25"
"1572","chr11",125815938,125826214,"VSIG10L2"
"1573","chr11",125826715,125933187,"CDON"
"1574","chr11",126071990,126081545,"RPUSD4"
"1575","chr11",126081618,126132882,"FAM118B"
"1576","chr11",126132832,126138790,"SRPRA"
"1577","chr11",126139048,126148021,"FOXRED1"
"1578","chr11",126152987,126164828,"TIRAP"
"1579","chr11",126173954,126219900,"DCPS"
"1580","chr11",126211610,126225482,"GSEC"
"1581","chr11",126225580,126284533,"ST3GAL4"
"1582","chr11",126293252,126870766,"KIRREL3"
"1583","chr11",126413721,126482285,"KIRREL3-AS1"
"1584","chr11",126522672,126551999,"LOC101929427"
"1585","chr11",126810641,126814986,"KIRREL3-AS2"
"1586","chr11",126858353,126858438,"MIR3167"
"1587","chr11",126872804,126875953,"KIRREL3-AS3"
"1588","chr11",126936896,126971201,"LOC101929473"
"1589","chr11",127140964,127206928,"LINC02712"
"1590","chr11",128078660,128111336,"LINC02098"
"1591","chr11",128328659,128457453,"ETS1"
"1592","chr11",128392284,128392344,"MIR6090"
"1593","chr11",128396036,128400278,"ETS1-AS1"
"1594","chr11",128551134,128556817,"LOC101929538"
"1595","chr11",128556429,128683162,"FLI1"
"1596","chr11",128561566,128565918,"SENCR"
"1597","chr11",128707914,128737191,"KCNJ1"
"1598","chr11",128761250,128791058,"KCNJ5"
"1599","chr11",128769459,128776126,"KCNJ5-AS1"
"1600","chr11",128804625,128812766,"TP53AIP1"
"1601","chr11",128834954,129149413,"ARHGAP32"
"1602","chr11",129103672,129153059,"LOC399975"
"1603","chr11",129245742,129322174,"BARX2"
"1604","chr11",129482010,129487164,"LINC01395"
"1605","chr11",129685742,129729898,"TMEM45B"
"1606","chr11",129733530,129765473,"NFRKB"
"1607","chr11",129769605,129872730,"PRDM10"
"1608","chr11",129872518,129875381,"PRDM10-DT"
"1609","chr11",129939788,130014700,"APLP2"
"1610","chr11",130029676,130080257,"ST14"
"1611","chr11",130096571,130184812,"ZBTB44"
"1612","chr11",130184887,130273552,"ZBTB44-DT"
"1613","chr11",130274817,130298504,"ADAMTS8"
"1614","chr11",130318539,130346540,"ADAMTS15"
