,rsidsel,possel,chrsel,cluster,pvalue
1,rs118046298,121194819,1,1,0
2,rs61803643,121196877,1,1,0
3,rs6600671,121200490,1,1,0
4,rs4147001,121236110,1,1,0
5,rs114500301,121258273,1,1,0
6,rs17842561,121267173,1,1,0
7,rs115706173,121280485,1,1,0
8,rs11249433,121280613,1,1,0
9,rs72884342,172381244,2,2,2.00E-19
10,rs17288042,172383988,2,2,2.00E-19
11,rs62181675,172394062,2,2,2.00E-19
12,rs12692966,172395221,2,2,2.00E-19
13,rs72885917,172416376,2,3,0
14,rs72885919,172418755,2,3,0
15,rs2542943,172424963,2,3,0
16,rs2249572,172425464,2,3,0
17,rs13036013,172973372,2,4,3.30E-15
18,rs17726078,172974566,2,4,3.30E-15
19,rs17726121,172974749,2,4,3.30E-15
20,rs62184964,172980260,2,4,3.30E-15
21,rs72947775,217863961,2,5,0
22,rs6435957,217878209,2,5,0
23,rs115256883,217878812,2,5,0
24,rs10188365,217880212,2,5,0
25,rs78489857,217888079,2,5,0
26,rs6716542,217890643,2,5,0
27,rs10173250,217891253,2,5,0
28,rs4491709,217894756,2,5,0
29,rs13387042,217905832,2,6,0
30,rs78724492,217908461,2,6,0
31,rs10206577,217910274,2,6,0
32,rs17778091,217910588,2,6,0
33,rs13002378,217936746,2,7,0
34,rs4672820,217938346,2,7,0
35,rs77915391,217938404,2,7,0
36,rs11690464,217938434,2,7,0
37,rs13405034,217963735,2,8,0
38,rs2372965,217967717,2,8,0
39,rs79867741,217969034,2,8,0
40,rs6723845,217976591,2,8,0
41,rs147076575,27031282,3,9,0
42,rs79555060,27040533,3,9,0
43,rs74542414,27043106,3,9,0
44,rs28433192,27055824,3,9,0
45,rs73143555,27060629,3,9,0
46,rs2037465,27065505,3,9,0
47,rs78901648,27069883,3,9,0
48,rs939834,27076710,3,9,0
49,rs1522151,27165174,3,10,0
50,rs73053866,27165396,3,10,0
51,rs1522154,27170867,3,10,0
52,rs11712293,27180835,3,10,0
53,rs17680194,27243119,3,11,0
54,rs9863368,27253521,3,11,0
55,rs62256307,27258563,3,11,0
56,rs73149363,27265394,3,11,0
57,rs12486588,27313122,3,12,0
58,rs62255588,27319266,3,12,0
59,rs11129280,27326097,3,12,0
60,rs10510594,27326451,3,12,0
61,rs10510592,27332820,3,12,0
62,rs75746712,27333462,3,12,0
63,rs75891446,27343261,3,12,0
64,rs683503,27348094,3,12,0
65,rs3920005,27368884,3,12,0
66,rs115262557,27385448,3,12,0
67,rs113156482,27385515,3,12,0
68,rs55958314,27387641,3,12,0
69,rs13085767,27404374,3,12,0
70,rs4973768,27416013,3,12,0
71,rs150493940,27418257,3,12,0
72,rs2307033,27433163,3,12,0
73,rs17630832,27434574,3,12,0
74,rs114662202,27436597,3,12,0
75,rs7612092,27441755,3,12,0
76,rs1124873,27445430,3,12,0
77,rs6768214,27456543,3,12,0
78,rs79251239,27463229,3,12,0
79,rs3755652,27472936,3,12,0
80,rs111436441,27484949,3,12,0
81,rs79693587,141073725,3,13,0
82,rs13095453,141074962,3,13,0
83,rs9857275,141078188,3,13,0
84,Affx-21288575,141081497,3,13,0
85,rs116415647,141085727,3,13,0
86,rs6440003,141094209,3,13,0
87,rs116669409,141095427,3,13,0
88,rs80060248,141101781,3,13,0
89,rs6763931,141102833,3,13,0
90,rs75833696,141103299,3,13,0
91,rs724016,141105570,3,13,0
92,rs10513136,141107612,3,13,0
93,rs114097136,141114013,3,13,0
94,rs6807935,141114293,3,13,0
95,rs115219969,141121855,3,13,0
96,rs1344672,141125705,3,13,0
97,rs79267253,141224190,3,14,9.39E-17
98,rs145408647,141226409,3,14,9.39E-17
99,rs73238079,141233904,3,14,9.39E-17
100,rs9865971,141237859,3,14,9.39E-17
101,rs2736108,1297488,5,15,0
102,rs13190087,1298733,5,15,0
103,rs13174919,1299862,5,15,0
104,rs2853667,1300070,5,15,0
105,rs56323939,44493802,5,16,7.81E-26
106,rs5867669,44496660,5,16,7.81E-26
107,rs75638122,44512378,5,16,7.81E-26
108,rs116620271,44512761,5,16,7.81E-26
109,rs7446551,44604890,5,17,0
110,rs75139801,44631348,5,17,0
111,rs72752202,44639852,5,17,0
112,rs4415084,44662515,5,17,0
113,rs74613532,44674816,5,17,0
114,rs148474409,44690214,5,17,0
115,rs79627303,44694361,5,17,0
116,rs714130,44701418,5,17,0
117,rs7728083,44748538,5,18,0
118,rs17268996,44751744,5,18,0
119,rs79885570,44782387,5,18,0
120,rs78797445,44795797,5,18,0
121,rs72756203,44803546,5,18,0
122,rs114744525,44804976,5,18,0
123,rs112094553,44806448,5,18,0
124,rs111765202,44809015,5,18,0
125,rs112901974,44809098,5,18,0
126,Affx-26614651,44809162,5,18,0
127,rs35601455,44809369,5,18,0
128,rs72756207,44811207,5,18,0
129,rs75062473,44846783,5,19,0
130,rs4440370,44853352,5,19,0
131,rs17343002,44853593,5,19,0
132,rs116430301,44855090,5,19,0
133,rs116110902,44857181,5,19,0
134,rs7716600,44875005,5,19,0
135,rs10462084,44901349,5,19,0
136,rs10077814,44916789,5,19,0
137,rs115462522,44991858,5,20,0
138,rs72759918,44992980,5,20,0
139,rs72759919,44993093,5,20,0
140,rs116167547,45000260,5,20,0
141,rs77212690,45078333,5,21,1.56E-25
142,rs116144464,45088820,5,21,1.56E-25
143,rs10051592,45090306,5,21,1.56E-25
144,rs10805692,45099458,5,21,1.56E-25
145,rs77732644,45266078,5,22,0
146,rs56154381,45267183,5,22,0
147,rs114510199,45272603,5,22,0
148,rs981782,45285718,5,22,0
149,rs72759957,45286288,5,22,0
150,rs13170143,45320111,5,22,0
151,rs78744516,45330427,5,22,0
152,rs114149695,45335416,5,22,0
153,rs12659024,45417690,5,23,0
154,rs76855774,45419343,5,23,0
155,rs76905871,45421964,5,23,0
156,rs72762052,45427937,5,23,0
157,rs1384732,45553387,5,24,5.90E-32
158,rs76956025,45572545,5,24,5.90E-32
159,rs12522771,45576786,5,24,5.90E-32
160,rs78694495,45617179,5,24,5.90E-32
161,rs16902191,45630390,5,24,5.90E-32
162,rs71616302,45633307,5,24,5.90E-32
163,rs115921200,45642624,5,24,5.90E-32
164,rs1405918,45655070,5,24,5.90E-32
165,rs78615316,55978422,5,25,0
166,rs10060816,55980650,5,25,0
167,rs62357926,55984025,5,25,0
168,rs74692194,55985778,5,25,0
169,rs55999709,55989823,5,25,0
170,rs79167119,55994172,5,25,0
171,rs141371509,55994713,5,25,0
172,rs16886113,55995035,5,25,0
173,rs16886165,56023083,5,26,0
174,rs78601188,56026473,5,26,0
175,rs17354278,56030717,5,26,0
176,rs889312,56031884,5,26,0
177,rs13355753,56033307,5,26,0
178,rs11955048,56036982,5,26,0
179,rs16886207,56038219,5,26,0
180,rs62355882,56045110,5,26,0
181,rs7726354,56256483,5,27,0
182,rs2662024,56257515,5,27,0
183,rs978407,56259593,5,27,0
184,rs78366197,56261196,5,27,0
185,rs7736675,56273400,5,27,0
186,rs10036895,56273693,5,27,0
187,rs75137028,56277932,5,27,0
188,rs16886583,56279658,5,27,0
189,rs74520355,158127025,5,28,5.13E-15
190,rs4147383,158145284,5,28,5.13E-15
191,rs115975873,158157221,5,28,5.13E-15
192,rs12188736,158161210,5,28,5.13E-15
193,rs75609125,158232531,5,29,0
194,rs114682594,158238980,5,29,0
195,rs6556366,158242238,5,29,0
196,rs11954193,158256118,5,29,0
197,rs2072495,158296996,5,30,1.01E-30
198,rs17543647,158305345,5,30,1.01E-30
199,rs717564,158324706,5,30,1.01E-30
200,rs1469070,158330235,5,30,1.01E-30
201,rs11747592,158331675,5,30,1.01E-30
202,rs62385381,158350706,5,30,1.01E-30
203,rs113255182,158355949,5,30,1.01E-30
204,rs35783415,158357494,5,30,1.01E-30
205,rs1038304,151933175,6,31,0
206,rs6929137,151936677,6,31,0
207,rs3734804,151939181,6,31,0
208,rs3734805,151939350,6,31,0
209,rs13207030,151944418,6,31,0
210,rs2046210,151948366,6,31,0
211,rs74893841,151948668,6,31,0
212,rs73001930,151959133,6,31,0
213,rs865898,151963697,6,31,0
214,rs851967,151981156,6,31,0
215,rs6913799,151988829,6,31,0
216,rs77882579,151990197,6,31,0
217,rs12526447,152040125,6,32,7.47E-17
218,rs7772579,152042502,6,32,7.47E-17
219,rs11755191,152044107,6,32,7.47E-17
220,rs1999805,152068364,6,32,7.47E-17
221,rs80144994,152207415,6,33,5.70E-17
222,rs35882398,152212459,6,33,5.70E-17
223,rs9340881,152233808,6,33,5.70E-17
224,rs12204714,152235339,6,33,5.70E-17
225,rs186130705,36691109,8,34,0
226,rs79926822,36696318,8,34,0
227,rs16885494,36697279,8,34,0
228,rs61744028,36703120,8,34,0
229,rs10089611,36786278,8,35,0
230,rs1005583,36787153,8,35,0
231,rs17400313,36788391,8,35,0
232,rs16885577,36788479,8,35,0
233,rs190224798,36788597,8,35,0
234,rs2275960,36790339,8,35,0
235,rs4739456,36792421,8,35,0
236,rs202135812,36793269,8,35,0
237,rs10086016,36847709,8,36,0
238,rs144400032,36854429,8,36,0
239,rs72635328,36855332,8,36,0
240,rs9649910,36865173,8,36,0
241,rs10956354,128279274,8,37,6.95E-17
242,rs2198149,128283434,8,37,6.95E-17
243,rs43664,128288622,8,37,6.95E-17
244,rs283710,128289591,8,37,6.95E-17
245,rs16902094,128320346,8,38,0
246,rs16902095,128321684,8,38,0
247,rs445114,128323181,8,38,0
248,rs622856,128333180,8,38,0
249,rs444318,128333513,8,38,0
250,rs17464492,128342866,8,38,0
251,rs72712352,128349434,8,38,0
252,rs12541832,128353171,8,38,0
253,rs13281615,128355618,8,38,0
254,rs80159030,128356300,8,38,0
255,rs11783615,128367007,8,38,0
256,rs116979987,128368872,8,38,0
257,rs117930653,128369231,8,38,0
258,rs117400391,128369510,8,38,0
259,rs78858194,128372853,8,38,0
260,rs7815100,128376801,8,38,0
261,rs2060775,128378626,8,38,0
262,rs79477516,128383084,8,38,0
263,rs2121631,128386556,8,38,0
264,rs2392780,128388025,8,38,0
265,rs6981732,128395593,8,38,0
266,rs6986543,128396316,8,38,0
267,rs896324,128396512,8,38,0
268,rs6998392,128398756,8,38,0
269,rs7833138,128399808,8,38,0
270,rs7820981,128400176,8,38,0
271,rs1562871,128401772,8,38,0
272,rs12549845,128402907,8,38,0
273,rs4979065,110300994,9,39,0
274,rs75076257,110303457,9,39,0
275,rs10759243,110306115,9,39,0
276,rs76330086,110307810,9,39,0
277,rs10979159,110775653,9,40,6.59E-17
278,rs34104186,110776207,9,40,6.59E-17
279,rs7029094,110782565,9,40,6.59E-17
280,rs117290977,110782961,9,40,6.59E-17
281,rs865686,110888478,9,41,0
282,rs7863179,110893246,9,41,0
283,rs10114582,110897072,9,41,0
284,rs35338365,110900335,9,41,0
285,rs34499892,110920289,9,42,0
286,rs79206850,110924215,9,42,0
287,rs527246,110932294,9,42,0
288,rs35904098,110932572,9,42,0
289,rs76184639,80829483,10,43,0
290,rs12415516,80829654,10,43,0
291,rs12263636,80833662,10,43,0
292,rs10824713,80835868,10,43,0
293,rs79300793,80836314,10,43,0
294,rs704010,80841148,10,43,0
295,rs1250004,80846655,10,43,0
296,rs75016580,80849470,10,43,0
297,rs4979845,80890674,10,44,0
298,rs704001,80892882,10,44,0
299,rs80006832,80893154,10,44,0
300,rs72816256,80894341,10,44,0
301,rs12220969,122489133,10,45,5.41E-17
302,rs11199520,122490623,10,45,5.41E-17
303,rs3011391,122491505,10,45,5.41E-17
304,rs66462935,122499165,10,45,5.41E-17
305,rs35098964,123095012,10,46,0
306,rs10466213,123096468,10,46,0
307,rs9421411,123096559,10,46,0
308,rs10466215,123096747,10,46,0
309,rs56226109,123325158,10,47,0
310,rs2912787,123325538,10,47,0
311,rs36048667,123328529,10,47,0
312,rs3750817,123332577,10,47,0
313,rs2981579,123337335,10,47,0
314,rs17542768,123337814,10,47,0
315,rs45631549,123338472,10,47,0
316,rs45631614,123340327,10,47,0
317,rs45631630,123340824,10,47,0
318,rs2981575,123346116,10,47,0
319,rs1219648,123346190,10,47,0
320,rs17542858,123349430,10,47,0
321,rs2981582,123352317,10,47,0
322,rs45631558,123357210,10,47,0
323,rs41301031,123359727,10,47,0
324,rs73356565,123365724,10,47,0
325,rs74886369,123368101,10,47,0
326,rs117813079,123371924,10,47,0
327,rs10788190,123387029,10,47,0
328,rs1631281,123390785,10,47,0
329,rs116850002,123421277,10,48,0
330,rs12242201,123422858,10,48,0
331,rs61874138,123425616,10,48,0
332,rs1696837,123427642,10,48,0
333,rs61874140,123435982,10,48,0
334,rs1219487,123440279,10,48,0
335,rs113940757,123442482,10,48,0
336,rs7924234,123446062,10,48,0
337,rs1696820,123462700,10,49,0
338,rs12780622,123465218,10,49,0
339,rs11200087,123467204,10,49,0
340,rs17102476,123468719,10,49,0
341,rs2137320,1884342,11,50,0
342,rs79636275,1886563,11,50,0
343,rs4980391,1889102,11,50,0
344,rs72843946,1890571,11,50,0
345,rs55699011,1890743,11,50,0
346,rs57209236,1892343,11,50,0
347,rs4980389,1892585,11,50,0
348,rs61868780,1894039,11,50,0
349,rs181774507,1901358,11,50,0
350,rs144778074,1901454,11,50,0
351,rs2271439,1901467,11,50,0
352,rs61751880,1904736,11,50,0
353,rs61868799,1905880,11,50,0
354,rs3817197,1906174,11,50,0
355,rs61868801,1907421,11,50,0
356,rs3817198,1909006,11,50,0
357,rs61868803,1930201,11,51,0
358,rs72846727,1931121,11,51,0
359,rs909116,1941946,11,51,0
360,rs78662878,1945174,11,51,0
361,rs6606643,69241807,11,52,0
362,rs7927237,69245812,11,52,0
363,rs79373485,69247621,11,52,0
364,rs61881566,69255125,11,52,0
365,rs117796657,69255905,11,52,0
366,rs74512832,69260580,11,52,0
367,rs7394746,69262428,11,52,0
368,rs7113550,69269768,11,52,0
369,rs10501399,69269858,11,52,0
370,rs11604051,69275865,11,52,0
371,rs10737153,69281829,11,52,0
372,rs57506806,69283424,11,52,0
373,rs76987532,69295887,11,52,0
374,rs587230,69299771,11,52,0
375,rs1122316,69300075,11,52,0
376,rs4980661,69306579,11,52,0
377,rs637185,69308023,11,52,0
378,rs665172,69311989,11,52,0
379,rs592081,69314267,11,52,0
380,rs11601399,69320462,11,52,0
381,rs76809977,69323264,11,52,0
382,rs657315,69332712,11,52,0
383,rs498931,69339617,11,52,0
384,rs71465432,69343155,11,52,0
385,rs75296154,69343815,11,52,0
386,rs72929545,69349388,11,52,0
387,rs183782062,69353882,11,52,0
388,rs79442425,69377509,11,52,0
389,rs655089,69448575,11,53,0
390,rs1385875,69452559,11,53,0
391,rs77290390,69453506,11,53,0
392,rs3212861,69455451,11,53,0
393,rs34507830,69461686,11,53,0
394,rs9344,69462910,11,53,0
395,rs649392,69464793,11,53,0
396,rs3212896,69466962,11,53,0
397,rs10894061,129451227,11,54,0
398,rs4937437,129453148,11,54,0
399,rs10894063,129454023,11,54,0
400,rs10894074,129457033,11,54,0
401,rs11822830,129461016,11,54,0
402,rs7107217,129473690,11,54,0
403,rs7936804,129474773,11,54,0
404,rs57246949,129476625,11,54,0
405,rs117194293,28100816,12,55,4.48E-13
406,rs12308352,28105082,12,55,4.48E-13
407,rs4931048,28110444,12,55,4.48E-13
408,rs10492364,28112256,12,55,4.48E-13
409,rs10843048,28132906,12,56,0
410,rs77549114,28147129,12,56,0
411,rs788464,28153018,12,56,0
412,rs2590275,28166067,12,56,0
413,rs11049383,28318717,12,57,1.90E-16
414,rs11049411,28337656,12,57,1.90E-16
415,rs11610011,28355734,12,57,1.90E-16
416,rs2169752,28392212,12,57,1.90E-16
417,rs12812272,28421760,12,58,4.43E-21
418,rs2045887,28423758,12,58,4.43E-21
419,rs117037248,28446334,12,58,4.43E-21
420,rs12370271,28466773,12,58,4.43E-21
421,rs73083992,28507758,12,58,4.43E-21
422,rs16932773,28507879,12,58,4.43E-21
423,rs17433455,28528976,12,58,4.43E-21
424,rs11049567,28538435,12,58,4.43E-21
425,rs73085935,28580923,12,59,9.92E-16
426,rs73085941,28586251,12,59,9.92E-16
427,rs144054230,28605370,12,59,9.92E-16
428,rs17434989,28611799,12,59,9.92E-16
429,rs17041204,96017678,12,60,0
430,rs74817219,96019569,12,60,0
431,rs2887022,96027323,12,60,0
432,rs17356907,96027759,12,60,0
433,rs10777715,96029331,12,60,0
434,rs4762592,96033647,12,60,0
435,rs74659910,96035077,12,60,0
436,rs61938100,96035572,12,60,0
437,rs76155771,115796086,12,61,0
438,rs11067551,115796577,12,61,0
439,rs7307733,115810102,12,61,0
440,rs1391713,115814864,12,61,0
441,rs2047482,115824875,12,61,0
442,rs78181703,115825892,12,61,0
443,rs10850495,115826915,12,61,0
444,rs2454400,115827511,12,61,0
445,rs11067567,115828256,12,61,0
446,rs11609185,115832213,12,61,0
447,rs117697094,115835044,12,61,0
448,rs61929330,115835520,12,61,0
449,rs1009975,115837861,12,61,0
450,rs1039300,115839617,12,61,0
451,rs1039299,115839760,12,61,0
452,rs11067576,115843295,12,61,0
453,rs71423318,69005887,14,62,0
454,rs17105810,69007232,14,62,0
455,rs2842330,69010925,14,62,0
456,rs61985778,69015415,14,62,0
457,rs192820696,69019438,14,62,0
458,rs149689169,69019602,14,62,0
459,rs74637563,69030890,14,62,0
460,rs999737,69034682,14,62,0
461,rs79071597,69044554,14,63,0
462,rs58592978,69045382,14,63,0
463,rs17829162,69046093,14,63,0
464,rs2256206,69052424,14,63,0
465,rs12447430,52521628,16,64,0
466,rs45545931,52523640,16,64,0
467,rs7186907,52527403,16,64,0
468,rs45577538,52528599,16,64,0
469,rs9302555,52528847,16,64,0
470,rs78592318,52529107,16,64,0
471,rs4784220,52535810,16,64,0
472,rs8046985,52536348,16,64,0
473,rs45496893,52568130,16,65,0
474,rs34750829,52569537,16,65,0
475,rs9931232,52572832,16,65,0
476,rs3803662,52586341,16,65,0
477,rs45477396,52589347,16,65,0
478,rs45493397,52591719,16,65,0
479,rs75571494,52596184,16,65,0
480,rs4594251,52597844,16,65,0
481,rs4784227,52599188,16,65,0
482,rs76543857,52603860,16,65,0
483,rs118162666,52606881,16,65,0
484,rs9708611,52612665,16,65,0
485,rs3104767,52624738,16,65,0
486,rs45570038,52632689,16,65,0
487,rs3112612,52635164,16,65,0
488,rs45568636,52635313,16,65,0
489,rs72807664,52650827,16,66,0
490,rs3112606,52650909,16,66,0
491,rs11647405,52652780,16,66,0
492,rs11075562,52652980,16,66,0
493,rs1861868,53790402,16,67,0
494,rs60386982,53797452,16,67,0
495,rs6499643,53797518,16,67,0
496,rs9940128,53800754,16,67,0
497,rs1421085,53800954,16,67,0
498,rs111240785,53801116,16,67,0
499,rs2058908,53806145,16,67,0
500,rs1477196,53808258,16,67,0
501,rs1121980,53809247,16,67,0
502,rs17817449,53813367,16,67,0
503,rs8050136,53816275,16,67,0
504,rs3751812,53818460,16,67,0
505,rs76804286,53820512,16,67,0
506,rs9939609,53820527,16,67,0
507,rs7202116,53821615,16,67,0
508,rs9941349,53825488,16,67,0
509,rs7187961,53826034,16,67,0
510,rs9930506,53830465,16,67,0
511,rs9922619,53831771,16,67,0
512,rs111357538,53842712,16,67,0
513,rs12149832,53842908,16,67,0
514,rs116753298,53844105,16,67,0
515,rs17218700,53844579,16,67,0
516,rs11642841,53845487,16,67,0
517,rs6499652,53874580,16,68,9.93E-15
518,rs2111114,53883452,16,68,9.93E-15
519,rs117702162,53892971,16,68,9.93E-15
520,rs17820328,53895804,16,68,9.93E-15
521,rs75672143,29172043,17,69,0
522,rs11657270,29214387,17,69,0
523,rs62070652,29221277,17,69,0
524,rs114345202,29221584,17,69,0
525,rs117870634,29243402,17,70,5.56E-17
526,rs3760318,29247715,17,70,5.56E-17
527,rs7225461,29259899,17,70,5.56E-17
528,rs79677514,29261449,17,70,5.56E-17
529,rs2163860,44280342,19,71,0
530,rs35773079,44280980,19,71,0
531,rs74487631,44281785,19,71,0
532,rs11879798,44281898,19,71,0
533,rs60184524,44294215,19,72,1.95E-29
534,rs62116988,44296689,19,72,1.95E-29
535,rs7250952,44296886,19,72,1.95E-29
536,rs10426528,44299298,19,72,1.95E-29
537,rs349048,44300937,19,72,1.95E-29
538,rs4525602,44301513,19,72,1.95E-29
539,rs11547806,44303066,19,72,1.95E-29
540,rs11879355,44306482,19,72,1.95E-29
541,rs62116994,44306782,19,72,1.95E-29
542,rs436031,44308649,19,72,1.95E-29
543,rs112561683,44316577,19,72,1.95E-29
544,rs2356400,44321776,19,72,1.95E-29
545,rs13048077,16465726,21,73,1.28E-14
546,rs73174561,16473448,21,73,1.28E-14
547,rs117952954,16478023,21,73,1.28E-14
548,rs4817650,16480898,21,73,1.28E-14
549,rs2823092,16519704,21,74,0
550,rs12483713,16520686,21,74,0
551,rs10482866,16523219,21,74,0
552,rs2008843,16534968,21,74,0
553,rs7275695,16568524,21,75,0
554,rs34790483,16569932,21,75,0
555,rs139496198,16573322,21,75,0
556,rs62219000,16579046,21,75,0
