"","chr","snp","bp","Qv","Pv"
"1",1,"rs11249433",121280613,0.00344827586206886,0.00000000000000332203566859653
"2",2,"rs72885919",172418755,0.00344827586206886,0.000000360231067141388
"3",2,"rs13387042",217905832,0.00344827586206886,0.000000000000000000000000109075626803878
"4",2,"rs13002378",217936746,0.00344827586206886,0.00000000000342344519425099
"5",2,"rs2372965",217967717,0.00344827586206886,0.000000001538225062866
"6",2,"rs67184727",217976869,0.00750000000000006,0.000000000038431815291049
"7",3,"rs1522151",27165174,0.00344827586206886,0.0000000000000143798335883399
"8",3,"rs11712293",27180835,0.00344827586206886,0.000000136438014715284
"9",3,"rs11129280",27326097,0.00588235294117645,0.0000000211185034508748
"10",3,"rs3920005",27368884,0.00344827586206886,0.00000000000000000015715852768997
"11",3,"rs4973768",27416013,0.00750000000000006,0.0000000000000000335797637353827
"12",3,"rs1124873",27445430,0.00344827586206886,0.000000000000698808183659628
"13",3,"rs79251239",27463229,0.00344827586206886,0.000000303910401538505
"14",3,"rs793498",99505203,0.017391304347826,0.000000868744293115498
"15",3,"rs813218",99592596,0.00750000000000006,0.00000375449655874445
"16",3,"rs115196834",135469193,0.00750000000000006,0.00000423468903463543
"17",4,"rs6826366",175846110,0.00344827586206886,0.00000000127005647503497
"18",5,"rs714130",44701418,0.00344827586206886,0.0000000000000156494116284751
"19",5,"Affx-26614651",44809162,0.00750000000000006,0.00000000128414907292713
"20",5,"rs7716600",44875005,0.00344827586206886,0.00000000000163413508399082
"21",5,"rs72759918",44992980,0.0255319148936171,0.0000000247581130363304
"22",5,"rs10051592",45090306,0.00588235294117645,0.000000267156608390802
"23",5,"rs981782",45285718,0.0137931034482759,0.00000134080706203096
"24",5,"rs72759957",45286288,0.00344827586206886,0.000000000443349329237682
"25",5,"rs72765759",45846620,0.00588235294117645,0.000000130980689483769
"26",5,"rs145901335",46006046,0.00344827586206886,0.0000000946703407066891
"27",5,"rs10060816",55980650,0.0137931034482759,0.00000740810671776742
"28",5,"rs16886113",55995035,0.00344827586206886,0.000000000000229814998956812
"29",5,"rs16886165",56023083,0.00344827586206886,0.000000000000000000000000000209175425451311
"30",5,"rs889312",56031884,0.00344827586206886,0.00000000000000000114823946403023
"31",5,"rs76485124",56060400,0.00344827586206886,0.00000000000132578866093379
"32",5,"rs17661089",56105996,0.00344827586206886,0.000000526163688773732
"33",5,"rs78686102",56152795,0.00344827586206886,0.00000000000308112573212611
"34",5,"rs7726354",56256483,0.00344827586206886,0.0000000000102860267522108
"35",5,"rs2662024",56257515,0.00588235294117645,0.00000000000327596742657995
"36",5,"rs17622656",131820997,0.017391304347826,0.00000880800358800814
"37",6,"rs9361826",82206416,0.00588235294117645,0.0000000409755208937831
"38",6,"rs6929137",151936677,0.00344827586206886,0.0000000000000000839679313003704
"39",6,"rs3734804",151939181,0.00344827586206886,0.00000014356214137567
"40",6,"rs12204714",152235339,0.017391304347826,0.0000104578116018914
"41",6,"rs2813549",152441239,0.00750000000000006,0.00000151230401932056
"42",8,"rs16885494",36697279,0.00750000000000006,0.00000000461261230591545
"43",8,"rs4739456",36792421,0.00750000000000006,0.00000319558918094412
"44",8,"rs17464492",128342866,0.0137931034482759,0.00000000633584239904046
"45",8,"rs13281615",128355618,0.00344827586206886,0.0000000000000000190357728433585
"46",8,"rs7815100",128376801,0.00344827586206886,0.0000000000000348427830769708
"47",9,"rs10759243",110306115,0.00344827586206886,0.0000000611755940392735
"48",9,"rs10816625",110837073,0.00344827586206886,0.00000000115137229178325
"49",9,"rs117378692",111588972,0.017391304347826,0.0000135364799206532
"50",10,"rs12245332",64260847,0.00750000000000006,0.00000136826543767061
"51",10,"rs10995190",64278682,0.00750000000000006,0.000000966328644426196
"52",10,"rs35098964",123095012,0.00344827586206886,0.0000000155762344064951
"53",10,"rs3135819",123241122,0.00344827586206886,0.00000000141331706120047
"54",10,"rs78985527",123271539,0.00588235294117645,0.00000135454577965908
"55",10,"rs3750817",123332577,0.00344827586206886,0.000000000000000000000000000000000000000000034215303487589
"56",10,"rs1219648",123346190,0.00344827586206886,0.0000000000000000000000000000000000000000000000000000000000000000000000000000000000000000000000000000917980815304879
"57",10,"rs73356565",123365724,0.00344827586206886,0.00000000000000287625124972212
"58",10,"rs1631281",123390785,0.00344827586206886,0.0000000000000427568790482179
"59",10,"rs12242201",123422858,0.00344827586206886,0.00000000268351067858555
"60",10,"rs61874140",123435982,0.00344827586206886,0.0000000849973506256965
"61",10,"rs113940757",123442482,0.0159090909090909,0.00000944266122381861
"62",10,"rs7924234",123446062,0.00344827586206886,0.000000000293264408235879
"63",10,"rs1696820",123462700,0.00588235294117645,0.000000269107972368081
"64",11,"rs3206824",11986061,0.00750000000000006,0.00000407397963590272
"65",11,"rs57506806",69283424,0.00344827586206886,0.000000000000000371449409861125
"66",11,"rs4980661",69306579,0.00344827586206886,0.0000000498167873159888
"67",11,"rs592081",69314267,0.00344827586206886,0.000000016202936099725
"68",11,"rs75296154",69343815,0.00344827586206886,0.0000000000000000000000000213217205701515
"69",11,"rs74412847",69421189,0.00344827586206886,0.0000000346093110581346
"70",11,"rs34507830",69461686,0.00344827586206886,0.00000000000713796254967736
"71",11,"rs11822830",129461016,0.00344827586206886,0.0000000481307576662711
"72",12,"rs11610011",28355734,0.0255319148936171,0.0000165704919767957
"73",12,"rs17096727",46573050,0.00987654320987663,0.00000499175065561198
"74",12,"rs17356907",96027759,0.00344827586206886,0.0000000000000415675461031034
"75",12,"rs61938100",96035572,0.0121951219512195,0.00000725456859187021
"76",14,"rs71423318",69005887,0.0137931034482759,0.00000000458210750664413
"77",14,"rs79071597",69044554,0.00588235294117645,0.00000216172707916648
"78",16,"rs7186907",52527403,0.00344827586206886,0.00000000000000974689647751524
"79",16,"rs4784220",52535810,0.00344827586206886,0.00000000000000000000000000000182958628195494
"80",16,"rs9931232",52572832,0.00344827586206886,0.000000000000000000000283380520413711
"81",16,"rs3803662",52586341,0.00344827586206886,0.00000000000000000000000000000000000000000000000000000000000271928224936374
"82",16,"rs4594251",52597844,0.00344827586206886,0.000000000237476821015729
"83",16,"rs9708611",52612665,0.00344827586206886,0.0000000000000001327666552861
"84",16,"rs3104767",52624738,0.00344827586206886,0.000000000000178807182170971
"85",17,"rs62070652",29221277,0.00344827586206886,0.00000000485229353658462
"86",17,"rs3760318",29247715,0.0137931034482759,0.00000605246872943912
"87",18,"rs232320",24500616,0.00588235294117645,0.000000588677232836416
"88",22,"rs12628403",39358037,0.00344827586206886,0.0000000685817226319616
"89",22,"rs73167034",40826534,0.00344827586206886,0.0000000000108352055053312
"90",22,"rs73169003",40900856,0.00344827586206886,0.00000000000156819276366476
"91",22,"rs17002030",40989374,0.00344827586206886,0.000000000000279871741045279
"92",22,"rs55916800",41049315,0.00588235294117645,0.00000204213937393672
"93",22,"rs133054",41050608,0.00750000000000006,0.00000327924570108388
"94",22,"rs73171018",41061691,0.00344827586206886,0.0000000746844099893263
